street_key,street_display,house_from,house_to,neighborhood,priority,method,support
א ל זיסו,זיסו א ל,0,99999,בת גלים,1,points_range_wordorder,9
א סלט,א סלט,0,99999,ואדי ניסנאס,1,points_range,6
א-זמכשרי,א-זמכשרי,0,99999,חליסה,3,segment_majority,1.0
א-טוגראי,א-טוגראי,0,99999,ואדי ניסנאס,3,segment_majority,1.0
א-סלט,א-סלט,0,99999,ואדי ניסנאס,3,segment_majority,0.65
אבא הלל סילבר,סילבר אבא הלל,0,99999,יזרעאליה,1,points_range_wordorder,72
אבא חושי,אבא חושי,0,25,רמת בגין,1,points_range,21
אבא חושי,אבא חושי,26,88,רמת גולדה,1,points_range,19
אבא חושי,אבא חושי,89,149,סביוני הכרמל,1,points_range,25
אבא חושי,אבא חושי,150,99999,הוד הכרמל,1,points_range,16
אבא חושי,אבא חושי,0,99999,הוד הכרמל,2,points_street,44
אבדימי,אבדימי,0,99999,בת גלים,1,points_range,5
אבות,האבות,0,99999,קריית שמואל,4,points_range_alias,4
אביגדור המאירי,המאירי אביגדור,0,99999,רמת שאול,1,points_range_wordorder,10
אביגדור עשת,עשת אביגדור,0,99999,קריית חיים מערבית,1,points_range_wordorder,75
אביגיל,אביגיל,0,99999,"נעמ""ת",1,points_range,19
אביר מרק,אביר מרק,0,99999,קריית חיים מערבית,1,points_range,54
אבן אל מוקפע,אבן אל מוקפע,0,99999,עבאס,1,points_range,11
אבן גבירול,אבן גבירול,0,99999,"עיר תחתית מזרח, ואדי סאליב",1,points_range,11
אבן סינא,אבן סינא,0,99999,הדר מרכז,1,points_range,16
אבן עזרא,אבן עזרא,0,99999,הרצליה,1,points_range,12
אבן רושד,אבן רושד,0,99999,ואדי ניסנאס,3,segment_majority,1.0
אבנר,אבנר,0,99999,קריית אליעזר,1,points_range,12
אברבנאל,אברבנאל,0,99999,קריית חיים מערבית,1,points_range,66
אברהם אספיס,אברהם אספיס,0,99999,קריית שמואל,3,segment_majority,1.0
אברהם גינזבורג,אברהם גינזבורג,0,99999,"מרכז הקונגרסים, נאות פרס, יצחק נבון",3,segment_majority,1.0
אברהם דנינו,אברהם דנינו,0,99999,קריית חיים מזרחית,3,segment_majority,0.656
אברהם ויינשל,אברהם ויינשל,0,99999,רמת אשכול,3,segment_majority,1.0
אברהם לסין,לסין אברהם,0,99999,קריית אליעזר,1,points_range_wordorder,5
אברהם סכנין,סכנין אברהם,0,99999,רמת אלון,1,points_range_wordorder,9
אברהם קפלן,אברהם קפלן,0,99999,רמות רמז,3,segment_majority,1.0
אברהם קריב,קריב אברהם,0,99999,רמת בגין,1,points_range_wordorder,5
אבשלום,אבשלום,0,99999,כרמליה,1,points_range,11
אגוז,אגוז,0,99999,רמת אלמוגי,1,points_range,6
אגמון,אגמון,0,99999,כרמל מערבי,1,points_range,8
אגמי אורי,"כיכר אגמי, אורי",0,99999,נוה שאנן,3,segment_majority,1.0
אדיסון,אדיסון,0,99999,אזור תעשיה מפרץ,1,points_range,10
אדם הכהן,"אד""ם הכהן",0,99999,זיו,1,points_range,24
אדמונד פלג,אדמונד פלג,0,99999,רמת שאול,1,points_range,31
אהבת ישראל,אהבת ישראל,0,99999,רמת ויז'ניץ,1,points_range,6
אהבת ציון,אהבת ציון,0,99999,הדר עליון,1,points_range,7
אהבת שלום,אהבת שלום,0,99999,רמת ויז'ניץ,3,segment_majority,1.0
אהובה עוזרי,אהובה עוזרי,0,99999,גבעת זמר,3,segment_majority,1.0
אהוד,אהוד,0,37,שמבור,1,points_range,36
אהוד,אהוד,38,99999,אחוזה,1,points_range,4
אהוד,אהוד,0,99999,אחוזה,2,points_street,22
אהוד מנור,אהוד מנור,0,99999,גבעת זמר,3,segment_majority,1.0
אהרון,אהרון,0,99999,אחוזה,1,points_range,5
אהרון צייטלין,צייטלין אהרון,0,99999,קריית חיים מזרחית,1,points_range_wordorder,32
אהרונוביץ יוסף,אהרונוביץ יוסף,0,99999,קריית חיים מזרחית,1,points_range,12
אהרונסון,אהרונסון,0,99999,רמת גולדה,1,points_range,11
אהרן,אהרן,0,99999,אחוזה,3,segment_majority,1.0
אודם,אודם,0,99999,אזור תעשיה מפרץ,4,legacy_table,0
אוחנה ניסים הרב,הרב ניסים אוחנה,0,99999,שוק תלפיות,3,segment_majority_wordorder,0.548
אוחנה נסים הרב,אוחנה נסים הרב,0,28,שוק תלפיות,1,points_range,5
אוחנה נסים הרב,אוחנה נסים הרב,29,99999,"עיר תחתית מזרח, ואדי סאליב",1,points_range,3
אוחנה נסים הרב,אוחנה נסים הרב,0,99999,"עיר תחתית מזרח, ואדי סאליב",2,points_street,6
אוטובוסים בלבד,אוטובוסים בלבד,0,99999,"מת""ם",3,segment_majority,1.0
אוליפנט,אוליפנט,0,99999,מרכז הכרמל,1,points_range,7
אומן,האומן,0,99999,הרצליה,5,points_street_alias,1
אוסטרובסקי ברוך,"אוסטרובסקי, ברוך",0,99999,אחוזה,3,segment_majority,1.0
אוסקר שינדלר,שינדלר אוסקר,0,99999,סביוני הכרמל,1,points_range_wordorder,4
אופיר,אופיר,0,99999,"צומת הקריות, חוף שמן",1,points_range,13
אופקים,נתיב אופקים,0,99999,שמבור,3,segment_majority,1.0
אור,נתיב האור,0,99999,"מרכז הקונגרסים, נאות פרס, יצחק נבון",6,segment_majority_alias,1.0
אור החיים,אור החיים,0,99999,קריית שמואל,1,points_range,6
אורבך אליהו,אורבך אליהו,0,99999,סביוני הכרמל,1,points_range,8
אורט,אורט,0,99999,"צומת הקריות, חוף שמן",3,segment_majority,1.0
אורי וינברג,אורי וינברג,0,99999,"מרכז הקונגרסים, נאות פרס, יצחק נבון",3,segment_majority,1.0
אורי קיסרי,אורי קיסרי,0,99999,נוה שאנן,3,segment_majority,1.0
אוריאל שלון,אוריאל שלון,0,99999,סביוני הכרמל,3,segment_majority,0.535
אורלנד יעקב,אורלנד יעקב,0,99999,סביוני הכרמל,1,points_range,2
אורן,אורן,0,99999,רמת בן גוריון,1,points_range,37
אושה,אושה,0,99999,הדר מרכז,3,segment_majority,1.0
אזולאי יעקב השופט,אזולאי יעקב השופט,0,99999,רמת אלון,1,points_range,15
אזר,"אז""ר",0,99999,זיו,1,points_range,17
אחד העם,אחד העם,0,99999,הרצליה,1,points_range,14
אחוה,אחוה,0,99999,קריית אליהו,1,points_range,19
אחווה,אחווה,0,99999,קריית אליהו,3,segment_majority,1.0
אחז,אחז,0,99999,קריית אליהו,1,points_range,2
אחי אילת,"אח""י אילת",0,99999,קריית חיים מזרחית,1,points_range,56
אטוגראי,אטוגראי,0,99999,ואדי ניסנאס,1,points_range,3
אידר,אידר,0,99999,רמת בגין,1,points_range,33
איטליה,איטליה,0,99999,הוד הכרמל,1,points_range,16
איטלקים,האיטלקים,0,99999,ואדי ניסנאס,4,points_range_alias,9
אייזיק ניוטון,ניוטון אייזיק,0,99999,אזור תעשיה מפרץ,1,points_range_wordorder,4
איינשטיין,איינשטיין,0,99999,אחוזה,3,segment_majority,0.994
אילון,אילון,0,99999,אחוזה,1,points_range,10
אילות,אילות,0,99999,מרכז הכרמל,2,points_street,1
אילנות,אילנות,0,99999,כרמל מערבי,1,points_range,26
אילת,אילת,0,99999,נוה שאנן,1,points_range,20
אימבר נפתלי,אימבר נפתלי,0,99999,"עיר תחתית מזרח, ואדי סאליב",1,points_range,11
אינטרנציונל,אינטרנציונל,0,99999,רמות רמז,3,segment_majority,0.983
אינטרנשיונל,אינטרנשיונל,0,99999,רמות רמז,1,points_range,28
אינשטיין אלברט,אינשטיין אלברט,0,99999,אחוזה,1,points_range,98
איצטדיון,האיצטדיון,0,99999,אזור תעשיה מפרץ,7,legacy_table_alias,0
איציק מאנגר,איציק מאנגר,0,99999,קריית חיים מערבית,3,segment_majority,1.0
איצקוביטש,איצקוביטש (יצחק),0,99999,זיו,3,segment_majority,1.0
אירביד,אירביד,0,99999,"עיר תחתית מזרח, ואדי סאליב",4,legacy_table,0
איריס,איריס,0,99999,רמת התשבי,1,points_range,5
אירן,אירן,0,99999,ואדי ניסנאס,1,points_range,4
איתנים,איתנים,0,99999,כבירים,1,points_range,8
אל אדריסי,אל אדריסי,0,99999,קריית אליהו,1,points_range,8
אל אספהני,אל אספהני,0,99999,ואדי ניסנאס,4,legacy_table,0
אל בוכתורי,אל בוכתורי,0,99999,"קריית הממשלה ע""ש רבין",2,points_street,1
אל גזאלי,אל גזאלי,0,99999,עבאס,1,points_range,9
אל הילאל,אל הילאל,0,99999,"עיר תחתית מזרח, ואדי סאליב",1,points_range,2
אל זמכשרי,אל זמכשרי,0,99999,חליסה,4,legacy_table,0
אל חרירי,אל חרירי,0,99999,ואדי ניסנאס,1,points_range,10
אל כנסא,אל כנסא,0,99999,חליסה,1,points_range,6
אל מהדי,אל מהדי,0,99999,כבאביר,3,segment_majority,1.0
אל מוהדי,אל מוהדי,0,99999,כבאביר,1,points_range,19
אל מותנבי,אל מותנבי,0,99999,עבאס,1,points_range,17
אל מערי,אל מערי,0,99999,"עיר תחתית מזרח, ואדי סאליב",3,segment_majority,1.0
אל מרין,אל מרין,0,99999,"שער פלמר, תחנת רכבת השמונה",2,points_street,1
אל עריש,אל עריש,0,99999,ואדי ניסנאס,3,segment_majority,1.0
אל עתיקה,אל עתיקה,0,99999,בת גלים,1,points_range,2
אל פראבי,אל פראבי,0,99999,ואדי ניסנאס,1,points_range,10
אלבז נתן,אלבז נתן,0,99999,"עיר תחתית מזרח, ואדי סאליב",1,points_range,1
אלברט שוייצר,אלברט שוייצר,0,99999,רמת אשכול,3,segment_majority,1.0
אלה,האלה,0,99999,שער העלייה,4,points_range_alias,3
אלון,האלון,0,99999,כרמל מערבי,4,points_range_alias,5
אלונים,אלונים,0,99999,קריית חיים מערבית,1,points_range,24
אלחנן יצחק,אלחנן יצחק,0,99999,מרכז הכרמל,1,points_range,24
אלי כהן,אלי כהן,0,99999,קריית חיים מזרחית,1,points_range,9
אליאב אריה,אליאב אריה (לובה),0,99999,נוה שאנן,4,legacy_table,0
אליהו גולומב,גולומב אליהו,0,99999,הדר עליון,1,points_range_wordorder,44
אליהו הנביא,אליהו הנביא,0,99999,"קריית הממשלה ע""ש רבין",1,points_range,7
אליהו חבובה,חבובה אליהו,0,99999,שוק תלפיות,2,points_street_wordorder,1
אליהו חכים,חכים אליהו,0,99999,רמת שאול,1,points_range_wordorder,3
אליוט גורג,ג'ורג' אליוט,0,99999,מרכז הכרמל,1,points_range_wordorder,3
אליזבט,כיכר אליזבט,0,99999,רוממה,4,legacy_table,0
אליעזר,אליעזר,0,99999,רמת ויז'ניץ,1,points_range,4
אליעזר אלתר,אלתר אליעזר,0,99999,רמת אלון,1,points_range_wordorder,23
אלישבע קפלן,קפלן אלישבע,0,99999,קריית חיים מזרחית,1,points_range_wordorder,30
אלישע,אלישע,0,99999,בת גלים,1,points_range,6
אלכסנדר,ברוולד (אלכסנדר),0,99999,הדר מרכז,6,segment_majority_alias,1.0
אלכסנדר בל,אלכסנדר בל,0,99999,אזור תעשיה מפרץ,3,segment_majority,0.933
אלכסנדר זייד,זייד אלכסנדר,0,99999,קריית חיים מזרחית,1,points_range_wordorder,98
אלכסנדר ינאי,אלכסנדר ינאי,0,99999,כרמליה,1,points_range,45
אלמוג,אלמוג,0,99999,"רמת חביב (ר. הנשיא), רח' שונית",1,points_range,5
אלנבי,אלנבי,0,53,ואדי ניסנאס,1,points_range,36
אלנבי,אלנבי,54,85,מושבה גרמנית,1,points_range,25
אלנבי,אלנבי,86,90,קריית אליהו,1,points_range,5
אלנבי,אלנבי,91,99999,קריית אליעזר,1,points_range,91
אלנבי,אלנבי,0,99999,קריית אליעזר,2,points_street,132
אלעזר דוד ראל,"אלעזר דוד רא""ל",0,99999,חוף הכרמל,1,points_range,2
אלפסי,אלפסי,0,99999,הדר מרכז,4,legacy_table,0
אלקלעי,אלקלעי,0,99999,"עיר תחתית מזרח, ואדי סאליב",3,segment_majority,1.0
אלקלעי הרב,אלקלעי הרב,0,99999,"עיר תחתית מזרח, ואדי סאליב",1,points_range,1
אלתר אליעזר,אלתר אליעזר,0,99999,רמת אלון,1,points_range,23
אלתרמן נתן,אלתרמן נתן,0,99999,רמת בגין,1,points_range,9
אמה לזרוס,לזרוס אמה,0,99999,רמת גולדה,1,points_range_wordorder,3
אמהות,האמהות,0,99999,קריית שמואל,4,points_range_alias,1
אמונה,האמונה,0,99999,קריית שמואל,4,points_range_alias,6
אמוראים,האמוראים,0,99999,קריית שמואל,4,points_range_alias,19
אמיל זולא,זולא אמיל,0,99999,רמת שאול,1,points_range_wordorder,18
אמיל תומא,אמיל תומא,0,99999,ואדי ניסנאס,3,segment_majority,1.0
אמיר,אמיר,0,99999,הדר מרכז,3,segment_majority,1.0
אמנון ותמר,אמנון ותמר,0,99999,אחוזה,1,points_range,9
אמציה המלך,אמציה המלך,0,99999,נוה דוד,4,legacy_table,0
אמציהו המלך,אמציהו המלך,0,99999,נוה דוד,1,points_range,5
אנגל,אנגל,0,99999,מושבה גרמנית,3,segment_majority,1.0
אנגל יונה דר,"אנגל יונה ד""ר",0,99999,רמת גולדה,1,points_range,12
אנדה עמיר,אנדה עמיר,0,99999,רמת גולדה,1,points_range,5
אנדרי סחרוב,אנדרי סחרוב,0,99999,"מת""ם",3,segment_majority,0.996
אנה פרנק,אנה פרנק,0,99999,קריית חיים מערבית,1,points_range,42
אנטוורפן,אנטוורפן,0,99999,הוד הכרמל,1,points_range,42
אני מאמין,אני מאמין,0,99999,"עיר תחתית מזרח, ואדי סאליב",1,points_range,22
אנילביץ מרדכי,אנילביץ מרדכי,0,99999,מושבה גרמנית,1,points_range,20
אנצו סירני,אנצ'ו סירני,0,99999,רמת אשכול,1,points_range,15
אנצו סרני,אנצו סרני,0,99999,רמת אשכול,3,segment_majority,1.0
אנקואה רפאל הרב,אנקואה רפאל הרב,0,99999,שער העלייה,1,points_range,19
אסא המלך,אסא המלך,0,99999,נוה דוד,1,points_range,13
אסיף,האסיף,0,99999,כרמל מרכזי- שד' קיש,4,points_range_alias,21
אסף דוד,אסף דוד (הרב),0,99999,רמת בגין,3,segment_majority,1.0
אסף דוד הרב,אסף דוד הרב,0,99999,רמת בגין,1,points_range,4
אספיס אברהם,אברהם אספיס,0,99999,קריית שמואל,3,segment_majority_wordorder,1.0
אסתר המלכה,אסתר המלכה,0,99999,נוה דוד,1,points_range,25
אסתר רבין,אסתר רבין,0,99999,הוד הכרמל,3,segment_majority,1.0
אפקים,אפקים,0,99999,שמבור,1,points_range,18
אפרים קציר,אפרים קציר,0,99999,"מרכז הקונגרסים, נאות פרס, יצחק נבון",3,segment_majority,1.0
אצ גרינברג,א.צ. גרינברג,0,99999,רמת בגין,3,segment_majority,1.0
אצטדיון,האצטדיון,0,99999,חוות המיכלים,4,points_range_alias,4
אצל,"אצ""ל",0,99999,שער העלייה,1,points_range,7
ארגמן,ארגמן,0,99999,מרכז הכרמל,1,points_range,4
ארזי יהודה,יהודה ארזי,0,99999,"עיר תחתית מזרח, ואדי סאליב",3,segment_majority_wordorder,1.0
ארזים,הארזים,0,99999,קריית חיים מערבית,4,points_range_alias,81
ארי,"האר""י",0,99999,מעונות גאולה,4,points_range_alias,12
אריאל שרון,דרך אריאל שרון,0,99999,מעונות גאולה,3,segment_majority,1.0
אריה גוראל,טיילת אריה גוראל,0,99999,עין הים,3,segment_majority,0.833
אריה דולצין,דולצ'ין אריה,0,99999,נוה יוסף,1,points_range_wordorder,17
אריה כרוך,כרוך אריה,0,99999,רמת בגין,1,points_range_wordorder,4
אריה שנקר,שנקר אריה,0,99999,אזור תעשיה מפרץ,1,points_range_wordorder,18
ארלוזורוב,ארלוזורוב,0,4,שוק תלפיות,1,points_range,4
ארלוזורוב,ארלוזורוב,5,7,"יל""ג",1,points_range,3
ארלוזורוב,ארלוזורוב,8,76,הדר מרכז,1,points_range,53
ארלוזורוב,ארלוזורוב,77,99999,הדר עליון,1,points_range,35
ארלוזורוב,ארלוזורוב,0,99999,הדר עליון,2,points_street,53
ארליך דוד פרופ,ארליך דוד פרופ',0,99999,בת גלים,4,legacy_table,0
ארמן נחום,נחום ארמן,0,99999,אזור תעשיה מפרץ,3,segment_majority_wordorder,1.0
ארן זלמן,ארן זלמן,0,99999,קריית חיים מערבית,1,points_range,75
ארנון,ארנון,0,99999,"יל""ג",1,points_range,8
ארץ הצבי,ארץ הצבי,0,99999,קריית שמואל,3,segment_majority,1.0
ארתור הנטקה,ארתור הנטקה,0,99999,אחוזה,3,segment_majority,0.983
אשחר,האשחר,0,99999,שער העלייה,4,points_range_alias,5
אשכולות,אשכולות,0,99999,כרמל מערבי,1,points_range,4
אשל,האשל,0,99999,קריית חיים מערבית,4,points_range_alias,19
אשלג,האשלג,0,99999,מכון טיהור,4,points_range_alias,13
אשקלון,אשקלון,0,99999,ואדי ניסנאס,1,points_range,1
אשר,אשר,0,99999,נוה שאנן,1,points_range,13
אשר עלמני,אשר עלמני,0,99999,"מרכז הקונגרסים, נאות פרס, יצחק נבון",3,segment_majority,1.0
אתרוג,האתרוג,0,99999,קריית שמואל,4,points_range_alias,8
באבל יצחק,"באבל, יצחק",0,99999,אחוזה,3,segment_majority,1.0
בהרב יקותיאל,בהרב יקותיאל,0,99999,אזור תעשיה מפרץ,1,points_range,22
בובר מרטין,בובר מרטין,0,99999,רמת בן גוריון,1,points_range,18
בודנהיימר,בודנהיימר,0,99999,קריית שפרינצק,3,segment_majority,1.0
בודנהיימר מכס דר,"בודנהיימר מכס ד""ר",0,99999,קריית שפרינצק,4,legacy_table,0
בודנהיימר מקס דר,"בודנהיימר מקס ד""ר",0,99999,קריית שפרינצק,1,points_range,21
בולגריה,כיכר בולגריה,0,99999,כרמל מערבי,3,segment_majority,1.0
בונה אליעזר,בונה אליעזר,0,99999,מכון טיהור,1,points_range,3
בונים החופשיים,הבונים החופשיים,0,99999,מכון טיהור,6,segment_majority_alias,1.0
בונים החפשיים,הבונים החפשיים,0,99999,מכון טיהור,4,points_range_alias,3
בוסל יוסף,בוסל יוסף,0,99999,קריית חיים מערבית,1,points_range,68
בוסתן,הבוסתן,0,99999,הדר מרכז,7,legacy_table_alias,0
בועז,בועז,0,99999,כרמליה,1,points_range,16
בוצרים,הבוצרים,0,99999,מרכז הכרמל,4,points_range_alias,2
בורוכוב,בורוכוב,0,99999,רמות רמז,1,points_range,34
בורלא יהודה,בורלא יהודה,0,99999,רמות רמז,1,points_range,22
ביאליק,ביאליק,0,99999,הדר מרכז,3,segment_majority,0.757
ביילהארץ פרידריך,ביילהארץ פרידריך,0,99999,מושבה גרמנית,1,points_range,3
ביילהרץ פרידריך,ביילהרץ פרידריך,0,99999,מושבה גרמנית,4,legacy_table,0
ביילינסון,ביילינסון,0,99999,קריית חיים מזרחית,3,segment_majority,1.0
בייליס מנחם,בייליס מנחם,0,99999,כרמליה,3,segment_majority,1.0
בייליס מנחם מנדל,בייליס מנחם מנדל,0,99999,כרמליה,1,points_range,23
ביכורים,ביכורים,0,99999,מרכז הכרמל,1,points_range,42
בילהרץ,בילהרץ,0,99999,מושבה גרמנית,3,segment_majority,1.0
בילו,"ביל""ו",0,22,"יל""ג",1,points_range,17
בילו,"ביל""ו",23,99999,"עיר תחתית מזרח, ואדי סאליב",1,points_range,8
בילו,"ביל""ו",0,99999,"יל""ג",2,points_street,18
בילינסון,בילינסון,0,99999,קריית חיים מזרחית,1,points_range,61
בירם,בירם,0,99999,רמת אלמוגי,3,segment_majority,0.554
בירם דר,"בירם ד""ר",0,99999,רמת אלמוגי,1,points_range,6
בישוף חגאר,הבישוף חג'אר,0,99999,עבאס,4,points_range_alias,8
בית אל,בית אל,0,99999,רמת התשבי,1,points_range,27
בית אלפא,בית אלפא,0,99999,קריית חיים מערבית,1,points_range,68
בית לחם,בית לחם,0,73,כרמל צרפתי,1,points_range,51
בית לחם,בית לחם,74,99999,רמת שאול,1,points_range,5
בית לחם,בית לחם,0,99999,כרמל צרפתי,2,points_street,51
בית שאן,בית שאן,0,99999,"עיר תחתית מזרח, ואדי סאליב",1,points_range,4
בית שערים,בית שערים,0,99999,עבאס,1,points_range,5
ביתר,"בית""ר",0,99999,גאולה,1,points_range,8
בל אלכסנדר גרהם,בל אלכסנדר גרהם,0,99999,אזור תעשיה מפרץ,4,legacy_table,0
בלהה,בלהה,0,99999,קריית אליעזר,2,points_street,1
בלוך ארנסט,"בלוך, ארנסט",0,99999,אחוזה,3,segment_majority,1.0
בלום לאון,בלום לאון,0,42,רמת הדר,1,points_range,31
בלום לאון,בלום לאון,43,99999,המיימוני,1,points_range,9
בליטנטל,בליטנטל,0,99999,רמת אלמוגי,3,segment_majority,0.938
בליטנטל משה,בליטנטל משה,0,99999,רמת אלמוגי,1,points_range,24
בלפור,בלפור,0,3,שוק תלפיות,1,points_range,3
בלפור,בלפור,4,99999,הדר מרכז,1,points_range,17
בלפור,בלפור,0,99999,הדר מרכז,2,points_street,14
בן ארצי,בן ארצי,0,99999,זיו,1,points_range,14
בן בבא,בן בבא,0,99999,גאולה,1,points_range,5
בן גוריון,בן גוריון,0,99999,מושבה גרמנית,1,points_range,45
בן הרוש דוד,בן הרוש דוד,0,99999,"עיר תחתית מזרח, ואדי סאליב",1,points_range,1
בן זכאי,בן זכאי,0,99999,הדר עליון,1,points_range,1
בן יהודה,בן יהודה,0,99999,מסדה,1,points_range,42
בן יוסף,בן יוסף,0,99999,"צומת הקריות, חוף שמן",3,segment_majority,1.0
בן יוסף שלמה,בן יוסף שלמה,0,99999,"צומת הקריות, חוף שמן",1,points_range,20
בן יעקב צבי,בן יעקב צבי,0,99999,רמת בגין,1,points_range,9
בן עדיה שמואל,בן עדיה שמואל,0,99999,"עיר תחתית מזרח, ואדי סאליב",2,points_street,1
בן עמי,בן עמי,0,99999,קריית חיים מערבית,3,segment_majority,1.0
בן צבי יצחק,בן צבי יצחק,0,99999,קריית חיים מזרחית,1,points_range,60
בן צור שמואל,בן צור שמואל,0,99999,שער העלייה,1,points_range,7
בן ציון,בן ציון,0,99999,זיו,3,segment_majority,1.0
בן ציון שמחה,בן ציון שמחה,0,99999,זיו,1,points_range,7
בן שבת שמואל,בן שבת שמואל,0,99999,נוה יוסף,4,legacy_table,0
בן שמן,בן שמן,0,99999,הרצליה,1,points_range,7
בני אור,בני אור,0,99999,כרמל מרכזי- שד' קיש,3,segment_majority,0.976
בני ברית,בני ברית,0,99999,רמת בגין,1,points_range,9
בניה,הבניה,0,99999,אזור תעשיה מפרץ,4,points_range_alias,5
בנייה,הבנייה,0,99999,אזור תעשיה מפרץ,6,segment_majority_alias,1.0
בנים,הבנים,0,99999,נוה שאנן,4,points_range_alias,4
בנימין,סמטת בנימין,0,99999,בת גלים,3,segment_majority,1.0
בנימין זאב בנדיקט,בנימין זאב בנדיקט,0,99999,"מרכז הקונגרסים, נאות פרס, יצחק נבון",3,segment_majority,1.0
בנין זאב,בנין זאב,0,99999,נוה פז,1,points_range,5
בנציון ישראלי,בנציון ישראלי,0,99999,קריית חיים מערבית,3,segment_majority,1.0
בנקים,הבנקים,0,99999,"שער פלמר, תחנת רכבת השמונה",4,points_range_alias,5
בסטיליה,הבסטיליה,0,99999,קריית שפרינצק,4,points_range_alias,10
בעל התניא,בעל התניא,0,99999,קריית שמואל,1,points_range,7
בעל שם טוב,בעל שם טוב,0,18,הדר עליון,1,points_range,13
בעל שם טוב,בעל שם טוב,19,99999,המיימוני,1,points_range,9
בעל שם טוב,בעל שם טוב,0,99999,הדר עליון,2,points_street,13
בעלי התניא,"בעלי התני""א",0,99999,קריית שמואל,1,points_range,8
בעלי מלאכה,בעלי מלאכה,0,99999,מכון טיהור,1,points_range,3
בצלאל,בצלאל,0,99999,גאולה,3,segment_majority,1.0
בצרה,בצרה,0,99999,ואדי ניסנאס,1,points_range,3
בר אילן,בר אילן,0,99999,קריית שמואל,1,points_range,15
בר גיורא,בר גיורא,0,99999,הדר עליון,1,points_range,45
בר יהודה,דרך בר יהודה,0,99999,נוה פז,3,segment_majority,0.461
בר יהודה ישראל,בר יהודה ישראל,0,99999,"עיר תחתית מזרח, ואדי סאליב",1,points_range,20
בר כוכבא,בר כוכבא,0,8,"יל""ג",1,points_range,8
בר כוכבא,בר כוכבא,9,99999,גאולה,1,points_range,3
בר כוכבא,בר כוכבא,0,99999,"יל""ג",2,points_street,8
בר רב האי דוד,בר רב האי דוד,0,99999,קריית שפרינצק,1,points_range,49
ברדיצב אבא,"ברדיצ'ב, אבא",0,99999,נוה פז,3,segment_majority,0.685
ברודסקי זאב,ברודסקי זאב,0,99999,קריית חיים מזרחית,4,legacy_table,0
ברודצקי,ברודצקי,0,99999,קריית חיים מזרחית,3,segment_majority,1.0
ברוולד,ברוולד (אלכסנדר),0,99999,הדר מרכז,3,segment_majority,1.0
ברוך כהן,כהן ברוך,0,99999,שער העלייה,1,points_range_wordorder,12
ברון הירש,ברון הירש,0,99999,קריית אליעזר,1,points_range,3
ברוניסלב הוברמן,הוברמן ברוניסלב,0,99999,הוד הכרמל,1,points_range_wordorder,3
ברוריה,ברורי'ה,0,99999,שוק תלפיות,3,segment_majority,1.0
ברושים,הברושים,0,6,מרכז הכרמל,4,points_range_alias,4
ברושים,הברושים,7,99999,כבירים,4,points_range_alias,13
ברושים,הברושים,0,99999,כבירים,5,points_street_alias,23
ברזילי,ברזילי,0,99999,"יל""ג",1,points_range,26
בריכה,הבריכה,0,99999,נוה שאנן,4,points_range_alias,14
ברכה,הברכה,0,99999,נוה שאנן,7,legacy_table_alias,0
ברכה פולד,פולד ברכה,0,99999,קריית חיים מזרחית,1,points_range_wordorder,10
ברכת משה,ברכת משה,0,99999,גאולה,1,points_range,20
ברל,ברל,0,99999,זיו,3,segment_majority,0.896
ברל כצנלסון,ברל כצנלסון,0,99999,זיו,1,points_range,49
ברלב חיים,ברלב חיים,0,99999,נוה יוסף,1,points_range,10
ברנדייס,ברנדייס,0,99999,רמת התשבי,1,points_range,5
ברנר,ברנר,0,99999,רמות רמז,1,points_range,21
ברנשטיין פרץ,ברנשטיין פרץ,0,99999,רמת אשכול,1,points_range,18
ברק,ברק,0,99999,הדר מרכז,4,legacy_table,0
ברקת,ברקת,0,99999,"צומת הקריות, חוף שמן",2,points_street,1
בשור,בשור,0,99999,נוה יוסף,1,points_range,8
בשן,הבשן,0,99999,"צומת הקריות, חוף שמן",4,points_range_alias,2
בת גלים,שד בת גלים,0,99999,בת גלים,1,points_range,11
בת חן,בת חן,0,99999,רמת חן,1,points_range,34
גאולה,גאולה,0,38,הדר עליון,1,points_range,27
גאולה,גאולה,39,99999,גאולה,1,points_range,12
גאולה,גאולה,0,99999,גאולה,2,points_street,27
גאולי תימן,גאולי תימן,0,99999,רמת אשכול,1,points_range,8
גאונים,הגאונים,0,99999,קריית שמואל,4,points_range_alias,16
גאן מגדלאני,ג'אן מג'דלאני,0,99999,ואדי ניסנאס,3,segment_majority,0.991
גבורים,הגבורים,0,29,"עיר תחתית מזרח, ואדי סאליב",4,points_range_alias,11
גבורים,הגבורים,30,36,חליסה,4,points_range_alias,4
גבורים,הגבורים,37,51,"עיר תחתית מזרח, ואדי סאליב",4,points_range_alias,6
גבורים,הגבורים,52,99999,נוה פז,4,points_range_alias,26
גבורים,הגבורים,0,99999,נוה פז,5,points_street_alias,26
גביש,הגביש,0,99999,אזור תעשיה מפרץ,6,segment_majority_alias,1.0
גבעון,גבעון,0,99999,אחוזה,1,points_range,16
גבעת דאונס,גבעת דאונס,0,99999,אחוזה,1,points_range,41
גבעת העיזים,דרך גבעת העיזים,0,99999,רמת בגין,3,segment_majority,0.997
גדוד העברי,הגדוד העברי,0,99999,קריית חיים מזרחית,4,points_range_alias,110
גדליהו,גדליהו,0,99999,נוה שאנן,1,points_range,24
גדנע,"גדנ""ע",0,99999,קריית אליעזר,1,points_range,12
גדעון,גדעון,0,99999,הרצליה,1,points_range,1
גדרה,גדרה,0,99999,כרמל מרכזי- שד' קיש,1,points_range,1
גו עמר,ג'ו עמר,0,99999,גבעת זמר,3,segment_majority,1.0
גוטל לוין,לוין גוטל,0,99999,רמת ספיר,1,points_range_wordorder,32
גוטליב שומאכר,שומאכר גוטליב,0,99999,מושבה גרמנית,1,points_range_wordorder,6
גוטליב שומכר,גוטליב שומכר,0,99999,מושבה גרמנית,4,legacy_table,0
גולדברג,גולדברג,0,99999,קריית הטכניון,3,segment_majority,1.0
גולדברג לאה,גולדברג לאה,0,99999,הוד הכרמל,1,points_range,3
גולדה מאיר,מאיר גולדה,0,99999,רמת גולדה,1,points_range_wordorder,27
גולדמן,גולדמן,0,99999,אחוזה,3,segment_majority,1.0
גולדמן נחום,גולדמן נחום,0,99999,אחוזה,1,points_range,4
גולומב אליהו,גולומב אליהו,0,99999,הדר עליון,1,points_range,44
גולן שמחה,גולן שמחה,0,9,זיו,1,points_range,4
גולן שמחה,גולן שמחה,10,99999,יזרעאליה,1,points_range,3
גומא,הגומא,0,99999,אזור תעשיה מפרץ,6,segment_majority_alias,1.0
גוני,יונתן (ג'וני) הרדי,0,99999,"מרכז הקונגרסים, נאות פרס, יצחק נבון",6,segment_majority_alias,1.0
גור יהודה,גור יהודה,0,99999,הוד הכרמל,1,points_range,25
גורג אליוט,ג'ורג' אליוט,0,99999,מרכז הכרמל,1,points_range,3
גורדון,גורדון,0,99999,רמות רמז,1,points_range,29
גורדוניה,גורדוניה,0,99999,קריית חיים מזרחית,4,legacy_table,0
גורן שלמה הרב,גורן שלמה הרב,0,99999,קריית שמואל,2,points_street,1
גוש חלב,גוש חלב,0,99999,הדר מרכז,4,legacy_table,0
גוש עציון,גוש עציון,0,99999,חליסה,1,points_range,23
גזאל,גזאל,0,99999,"צומת הקריות, חוף שמן",1,points_range,5
גיבורי גטו ורשה,גיבורי גטו ורשה,0,99999,רמת אשכול,3,segment_majority,1.0
גיבורי גיטו ורשה,גיבורי גיטו ורשה,0,99999,רמת אשכול,4,legacy_table,0
גיבורים,הגיבורים,0,99999,"עיר תחתית מזרח, ואדי סאליב",6,segment_majority_alias,0.365
גיימס דה רוטשילד,שדרות ג'יימס דה רוטשילד,0,99999,קריית אליהו,3,segment_majority,0.501
גיימס ווט,ווט ג'יימס,0,99999,אזור תעשיה מפרץ,1,points_range_wordorder,13
גייקובס,כיכר ג'ייקובס,0,99999,קריית הטכניון,3,segment_majority,1.0
גלאל א-דין,ג'לאל א-דין,0,99999,כבאביר,3,segment_majority,1.0
גלאל אל דין,גלאל אל דין,0,99999,כבאביר,1,points_range,4
גלבוע,גלבוע,0,15,נוה שאנן,1,points_range,15
גלבוע,גלבוע,16,99999,זיו,1,points_range,38
גלבוע,גלבוע,0,99999,זיו,2,points_street,41
גלגל,גלגל,0,99999,כרמליה,3,segment_majority,0.683
גלוברמן יהושע,גלוברמן יהושע,0,99999,סביוני הכרמל,1,points_range,2
גליל,הגליל,0,99999,נוה שאנן,4,points_range_alias,128
גליקשטיין,גליקשטיין,0,99999,קריית חיים מזרחית,3,segment_majority,1.0
גלמה,ג'למה,0,99999,ואדי ניסנאס,1,points_range,2
גן הפסלים,גן הפסלים,0,99999,כרמל צרפתי,3,segment_majority,1.0
גנים,הגנים,0,99999,מושבה גרמנית,4,points_range_alias,28
גנסין,גנסין,0,99999,זיו,1,points_range,13
גפן,הגפן,0,99999,עבאס,4,points_range_alias,40
גץ יצחק,גץ יצחק,0,99999,קריית שמואל,1,points_range,4
גרושקביץ,גרושקביץ,0,99999,קריית חיים מזרחית,3,segment_majority,1.0
גרינבאום,גרינבאום,0,99999,הוד הכרמל,3,segment_majority,1.0
גרינבוים יצחק,גרינבוים יצחק,0,99999,הוד הכרמל,1,points_range,56
גרינברג אורי צבי,גרינברג אורי צבי,0,99999,רמת בגין,1,points_range,19
גרינצוויג אמיל,"כיכר גרינצוויג, אמיל",0,99999,סביוני הכרמל,3,segment_majority,0.886
גרינשפון הרצל,הרצל גרינשפון,0,99999,אזור תעשיה מפרץ,3,segment_majority_wordorder,1.0
גשר גדוד,גשר גדוד 22,0,99999,"עיר תחתית מזרח, ואדי סאליב",3,segment_majority,0.608
גשר האטר,גשר האטר,0,99999,אוניברסיטת חיפה,3,segment_majority,1.0
גשר פז,גשר פז,0,99999,"צומת הקריות, חוף שמן",3,segment_majority,0.526
גשר שמואל ארד,גשר שמואל ארד,0,99999,בתי עלמין,3,segment_majority,0.531
גשרים,טיילת הגשרים,0,99999,אוניברסיטת חיפה,6,segment_majority_alias,1.0
גת,גת,0,99999,אחוזה,1,points_range,6
דאהר אל עמר,דאהר אל עמר,0,99999,בת גלים,3,segment_majority,1.0
דב מל גרונר,דב מל' גרונר,0,99999,תל עמל,3,segment_majority,0.503
דבורה,דבורה,0,99999,שוק תלפיות,1,points_range,1
דבורה מנדלסון,דבורה מנדלסון,0,99999,אחוזה,3,segment_majority,1.0
דגן,הדגן,0,99999,אזור תעשיה מפרץ,4,points_range_alias,14
דגניה,דגניה,0,99999,קריית חיים מערבית,1,points_range,67
דוב פרומר,דוב פרומר,0,99999,קריית שמואל,3,segment_majority,1.0
דובנוב,דובנוב,0,99999,רמות רמז,1,points_range,20
דובר שלום,דובר שלום,0,99999,"יל""ג",3,segment_majority,1.0
דוברין נחום,דוברין נחום,0,99999,"שער פלמר, תחנת רכבת השמונה",1,points_range,7
דוגית,דוגית,0,99999,בת גלים,3,segment_majority,0.9
דוד,דוד,0,99999,נוה דוד,1,points_range,17
דוד אלעזר,דוד אלעזר,0,99999,חוף הכרמל,3,segment_majority,0.659
דוד בן גוריון,שדרות דוד בן גוריון,0,99999,מושבה גרמנית,3,segment_majority,0.984
דוד בן הרוש,בן הרוש דוד,0,99999,"עיר תחתית מזרח, ואדי סאליב",1,points_range_wordorder,1
דוד בר רב האי,בר רב האי דוד,0,99999,קריית שפרינצק,1,points_range_wordorder,49
דוד הכהן,כיכר דוד הכהן,0,99999,שמבור,3,segment_majority,0.907
דוד המלך,דוד המלך,0,99999,נוה דוד,1,points_range,31
דוד מרכוס,מרכוס דוד,0,99999,כרמל צרפתי,1,points_range_wordorder,15
דוד נמרי,נמרי דוד,0,99999,נוה פז,1,points_range_wordorder,2
דוד סלמן,דוד סלמן,0,99999,"צומת הקריות, חוף שמן",3,segment_majority,1.0
דוד פינסקי,פינסקי דוד,0,99999,כבירים,1,points_range_wordorder,37
דוד רוז,דוד רוז,0,99999,קריית הטכניון,3,segment_majority,1.0
דוד רזיאל,רזיאל דוד,0,22,חליסה,1,points_range_wordorder,15
דוד רזיאל,רזיאל דוד,23,99999,תל עמל,1,points_range_wordorder,46
דוכיפת,דוכיפת,0,99999,רמת חן,1,points_range,15
דולב,הדולב,0,99999,כרמל מערבי,4,points_range_alias,5
דולצין אריה,דולצ'ין אריה,0,99999,נוה יוסף,1,points_range,17
דונה גרציה,דונה גרציה,0,99999,מרכז הכרמל,3,segment_majority,1.0
דוניה,דוניה,0,99999,הדר עליון,3,segment_majority,0.994
דוניה טוביה,דוניה טוביה,0,99999,הדר עליון,1,points_range,2
דוסטרובסקי אליעזר,"דוסטרובסקי, אליעזר",0,99999,אחוזה,3,segment_majority,1.0
דור,דור,0,99999,הרצליה,1,points_range,5
דורות,דורות,0,99999,רמות רמז,1,points_range,14
דורי יעקב ראל,"דורי יעקב רא""ל",0,99999,"מורדות נו""ש",2,points_street,1
דייגים,הדייגים,0,99999,פארק הקישון,6,segment_majority_alias,1.0
דיין משה,דיין משה,0,99999,אזור תעשיה מפרץ,1,points_range,5
דישראלי,דישראלי,0,99999,אחוזה,1,points_range,48
דנה יוסף,דנה יוסף (הרב),0,99999,אחוזה,3,segment_majority,1.0
דניאל,דניאל,0,99999,הדר מרכז,1,points_range,6
דניה,דניה,0,99999,הוד הכרמל,1,points_range,36
דנינו אברהם,אברהם דנינו,0,99999,קריית חיים מזרחית,3,segment_majority_wordorder,0.656
דנמרק,כיכר דנמרק,0,99999,"מת""ם",3,segment_majority,0.888
דסה,הדסה,0,99999,אחוזה,6,segment_majority_alias,1.0
דסים,הדסים,0,99999,כבירים,4,points_range_alias,3
דף היומי,הדף היומי,0,99999,קריית שמואל,6,segment_majority_alias,1.0
דפנה,דפנה,0,99999,רמת התשבי,1,points_range,2
דר,"שביל לנדאו, מיכאל (ד""ר)",0,99999,נוה שאנן,6,segment_majority_alias,1.0
דר אליהו אורבך,"ד""ר אליהו אורבך",0,99999,סביוני הכרמל,3,segment_majority,1.0
דר ארתור בירם,דר' ארתור בירם,0,99999,רמת אלמוגי,3,segment_majority,1.0
דר גרשון ציפר,"ד""ר גרשון ציפר",0,99999,קריית חיים מזרחית,3,segment_majority,1.0
דר יואכים,"כספרי (ד""ר יואכים)",0,99999,"נעמ""ת",6,segment_majority_alias,1.0
דר יונה אנגל,"אנגל יונה ד""ר",0,99999,רמת גולדה,1,points_range_wordorder,12
דר פייזר,"פייזר ד""ר",0,99999,יזרעאליה,1,points_range_wordorder,5
דר שימקין,"שימקין ד""ר",0,99999,רמת בגין,1,points_range_wordorder,30
דר שמואל,"שלוסברג (ד""ר שמואל)",0,99999,שער העלייה,6,segment_majority_alias,1.0
דרור,דרור,0,99999,קריית אליעזר,1,points_range,12
דרייפוס,דרייפוס,0,99999,קריית שפרינצק,1,points_range,22
דשנים,דשנים,0,99999,אזור תעשיה מפרץ,3,segment_majority,1.0
ה ליויק,ה. ליויק,0,99999,קריית חיים מערבית,3,segment_majority,1.0
האבות,האבות,0,99999,קריית שמואל,1,points_range,4
האג,האג,0,99999,הוד הכרמל,1,points_range,53
האומן,האומן,0,99999,הרצליה,2,points_street,1
האור,נתיב האור,0,99999,"מרכז הקונגרסים, נאות פרס, יצחק נבון",3,segment_majority,1.0
האיטלקים,האיטלקים,0,99999,ואדי ניסנאס,1,points_range,9
האיצטדיון,האיצטדיון,0,99999,אזור תעשיה מפרץ,4,legacy_table,0
האלה,האלה,0,99999,שער העלייה,1,points_range,3
האלון,האלון,0,99999,כרמל מערבי,1,points_range,5
האלונים,האלונים,0,99999,קריית חיים מערבית,1,points_range,3
האמהות,האמהות,0,99999,קריית שמואל,1,points_range,1
האמונה,האמונה,0,99999,קריית שמואל,1,points_range,6
האמוראים,האמוראים,0,99999,קריית שמואל,1,points_range,19
האסיף,האסיף,0,99999,כרמל מרכזי- שד' קיש,1,points_range,21
האצטדיון,האצטדיון,0,99999,חוות המיכלים,1,points_range,4
הארזים,הארזים,0,99999,קריית חיים מערבית,1,points_range,81
הארי,"האר""י",0,99999,מעונות גאולה,1,points_range,12
האשחר,האשחר,0,99999,שער העלייה,1,points_range,5
האשל,האשל,0,99999,קריית חיים מערבית,1,points_range,19
האשלג,האשלג,0,99999,מכון טיהור,1,points_range,13
האתרוג,האתרוג,0,99999,קריית שמואל,1,points_range,8
הבונים החופשיים,הבונים החופשיים,0,99999,מכון טיהור,3,segment_majority,1.0
הבונים החפשיים,הבונים החפשיים,0,99999,מכון טיהור,1,points_range,3
הבוסתן,הבוסתן,0,99999,הדר מרכז,4,legacy_table,0
הבוצרים,הבוצרים,0,99999,מרכז הכרמל,1,points_range,2
הבישוף חגאר,הבישוף חג'אר,0,99999,עבאס,1,points_range,8
הבניה,הבניה,0,99999,אזור תעשיה מפרץ,1,points_range,5
הבנייה,הבנייה,0,99999,אזור תעשיה מפרץ,3,segment_majority,1.0
הבנים,הבנים,0,99999,נוה שאנן,1,points_range,4
הבנקים,הבנקים,0,99999,"שער פלמר, תחנת רכבת השמונה",1,points_range,5
הבסטיליה,הבסטיליה,0,99999,קריית שפרינצק,1,points_range,10
הבעל שם טוב,הבעל שם טוב,0,99999,הדר עליון,3,segment_majority,0.957
הברושים,הברושים,0,6,מרכז הכרמל,1,points_range,4
הברושים,הברושים,7,99999,כבירים,1,points_range,13
הברושים,הברושים,0,99999,כבירים,2,points_street,23
הבריכה,הבריכה,0,99999,נוה שאנן,1,points_range,14
הברכה,הברכה,0,99999,נוה שאנן,4,legacy_table,0
הבשן,הבשן,0,99999,"צומת הקריות, חוף שמן",1,points_range,2
הגאונים,הגאונים,0,99999,קריית שמואל,1,points_range,16
הגבורים,הגבורים,0,29,"עיר תחתית מזרח, ואדי סאליב",1,points_range,11
הגבורים,הגבורים,30,36,חליסה,1,points_range,4
הגבורים,הגבורים,37,51,"עיר תחתית מזרח, ואדי סאליב",1,points_range,6
הגבורים,הגבורים,52,99999,נוה פז,1,points_range,26
הגבורים,הגבורים,0,99999,נוה פז,2,points_street,26
הגביש,הגביש,0,99999,אזור תעשיה מפרץ,3,segment_majority,1.0
הגדוד העברי,הגדוד העברי,0,99999,קריית חיים מזרחית,1,points_range,110
הגה,ההגה,0,99999,עין הים,4,points_range_alias,6
הגומא,הגומא,0,99999,אזור תעשיה מפרץ,3,segment_majority,1.0
הגיבורים,הגיבורים,0,99999,"עיר תחתית מזרח, ואדי סאליב",3,segment_majority,0.365
הגליל,הגליל,0,99999,נוה שאנן,1,points_range,128
הגנה,ההגנה,0,99999,קריית אליעזר,4,points_range_alias,31
הגנים,הגנים,0,99999,מושבה גרמנית,1,points_range,28
הגפן,הגפן,0,99999,עבאס,1,points_range,40
הגשרים,טיילת הגשרים,0,99999,אוניברסיטת חיפה,3,segment_majority,1.0
הדגן,הדגן,0,99999,אזור תעשיה מפרץ,1,points_range,14
הדולב,הדולב,0,99999,כרמל מערבי,1,points_range,5
הדייגים,הדייגים,0,99999,פארק הקישון,3,segment_majority,1.0
הדס,ההדס,0,99999,קריית שמואל,4,points_range_alias,5
הדסה,הדסה,0,99999,אחוזה,3,segment_majority,1.0
הדסים,הדסים,0,99999,כבירים,1,points_range,3
הדף היומי,הדף היומי,0,99999,קריית שמואל,3,segment_majority,1.0
הדר,הדר,0,3,הדר מרכז,1,points_range,3
הדר,הדר,4,99999,שוק תלפיות,1,points_range,3
הדר,הדר,0,99999,שוק תלפיות,2,points_street,4
הדשנים,הדשנים,0,99999,אזור תעשיה מפרץ,1,points_range,9
ההגה,ההגה,0,99999,עין הים,1,points_range,6
ההגנה,ההגנה,0,99999,קריית אליעזר,1,points_range,31
ההדס,ההדס,0,99999,קריית שמואל,1,points_range,5
ההסתדרות,ההסתדרות,0,48,"צומת הקריות, חוף שמן",1,points_range,23
ההסתדרות,ההסתדרות,49,115,מכון טיהור,1,points_range,35
ההסתדרות,ההסתדרות,116,99999,אזור תעשיה מפרץ,1,points_range,88
ההסתדרות,ההסתדרות,0,99999,אזור תעשיה מפרץ,2,points_street,110
הואדי,הואדי,0,99999,ואדי ניסנאס,1,points_range,41
הוברמן ברוניסלב,הוברמן ברוניסלב,0,99999,הוד הכרמל,1,points_range,3
הוד,הוד,0,99999,"מרכז הקונגרסים, נאות פרס, יצחק נבון",1,points_range,9
הוז דב,סמטת הוז דב,0,99999,בת גלים,3,segment_majority,1.0
הויסמנס קמיל,הויסמנס קמיל,0,99999,הוד הכרמל,1,points_range,36
הולנד,הולנד,0,99999,הוד הכרמל,1,points_range,27
הולצברג שמחה,שמחה הולצברג,0,99999,קריית שפרינצק,3,segment_majority_wordorder,1.0
הורדים,הורדים,0,99999,כבירים,1,points_range,7
הותיקים,הותיקים,0,99999,קריית חיים מערבית,1,points_range,36
הזגג,הזגג,0,99999,"שער פלמר, תחנת רכבת השמונה",3,segment_majority,1.0
הזז חיים,הזז חיים,0,99999,סביוני הכרמל,1,points_range,5
הזית,הזית,0,99999,קריית אליעזר,1,points_range,23
הזמיר,הזמיר,0,99999,אחוזה,1,points_range,8
החבצלת,החבצלת,0,99999,קריית חיים מערבית,1,points_range,14
החותרים,החותרים,0,99999,קריית אליעזר,1,points_range,7
החידא,"החיד""א",0,99999,קריית שמואל,1,points_range,4
החיטה,החיטה,0,99999,אזור תעשיה מפרץ,1,points_range,9
החיל,"החי""ל",0,99999,בת גלים,1,points_range,12
החיננית,החיננית,0,99999,שער העלייה,1,points_range,8
החלוץ,החלוץ,0,26,הדר מרכז,1,points_range,19
החלוץ,החלוץ,27,99999,שוק תלפיות,1,points_range,34
החלוץ,החלוץ,0,99999,שוק תלפיות,2,points_street,35
החלוצה,החלוצה,0,99999,הדר מרכז,3,segment_majority,1.0
החרושת,החרושת,0,99999,אזור תעשיה מפרץ,1,points_range,7
החרמש,החרמש,0,99999,מכון טיהור,1,points_range,6
החרצית,החרצית,0,99999,ורדיה,3,segment_majority,1.0
החרש,החרש,0,99999,אזור תעשיה מפרץ,1,points_range,19
החשמונאים,החשמונאים,0,31,כרמל מרכזי- שד' קיש,1,points_range,29
החשמונאים,החשמונאים,32,99999,הדר עליון,1,points_range,3
החשמונאים,החשמונאים,0,99999,הדר עליון,2,points_street,17
החשמל,החשמל,0,99999,נוה פז,1,points_range,33
הטחנות הגדולות,הטחנות הגדולות,0,99999,"עיר תחתית מזרח, ואדי סאליב",3,segment_majority,1.0
הטכניון,דרך הטכניון,0,99999,קריית הטכניון,3,segment_majority,1.0
הטמפלרים,הטמפלרים,0,99999,מושבה גרמנית,3,segment_majority,1.0
הטנא,הטנא,0,99999,מרכז הכרמל,1,points_range,1
היובל,היובל,0,99999,כרמל צרפתי,1,points_range,11
היוצק,היוצק,0,99999,אזור תעשיה מפרץ,1,points_range,6
היינה,היינה,0,99999,מרכז הכרמל,1,points_range,16
היינה הינריך,היינה הינריך,0,99999,אחוזה,4,legacy_table,0
היינריך היינה,היינריך היינה,0,99999,מרכז הכרמל,3,segment_majority,0.985
הים,הים,0,17,מרכז הכרמל,1,points_range,15
הים,הים,18,99999,כרמל מערבי,1,points_range,171
הים,הים,0,99999,כרמל מערבי,2,points_street,266
הים התיכון,הים התיכון,0,99999,קריית שמואל,1,points_range,1
הינדס מתתיהו,"הינדס, מתתיהו",0,99999,קריית אליעזר,3,segment_majority,1.0
היסמין,היסמין,0,99999,רמת בגין,1,points_range,9
היצירה,היצירה,0,99999,אזור תעשיה מפרץ,1,points_range,4
הירדן,הירדן,0,26,חליסה,1,points_range,16
הירדן,הירדן,27,99999,תל עמל,1,points_range,23
הירדן,הירדן,0,99999,תל עמל,2,points_street,23
הירוק,הירוק,0,11,מושבה גרמנית,1,points_range,6
הירוק,הירוק,12,99999,עבאס,1,points_range,5
הירוק,הירוק,0,99999,עבאס,2,points_street,7
הירמוך,הירמוך,0,99999,"עיר תחתית מזרח, ואדי סאליב",1,points_range,7
הירקון,הירקון,0,99999,שמבור,1,points_range,44
הישיבה,הישיבה,0,99999,קריית שמואל,1,points_range,4
הכג,"הכ""ג",0,99999,בת גלים,2,points_street,1
הכט ראובן,"כיכר הכט, ראובן",0,99999,כרמל צרפתי,3,segment_majority,1.0
הכרמים,הכרמים,0,99999,הדר מרכז,4,legacy_table,0
הכשרת היישוב,הכשרת היישוב,0,99999,סביוני הכרמל,1,points_range,16
הכשרת הישוב,הכשרת הישוב,0,99999,סביוני הכרמל,3,segment_majority,1.0
הלבונה,הלבונה,0,99999,כבאביר,4,legacy_table,0
הלה,"הל""ה",0,99999,רמות רמז,1,points_range,23
הלוטם,שדרות הלוטם,0,99999,יצחק נבון,4,legacy_table,0
הלולב,נתיב הלולב,0,99999,קריית שמואל,1,points_range,2
הליבנה,הליבנה,0,99999,שער העלייה,1,points_range,7
הלילך,הלילך,0,99999,כבירים,1,points_range,12
הלל,הלל,0,99999,הדר עליון,1,points_range,63
הלל יפה,יפה הלל,0,99999,הדר מרכז,2,points_street_wordorder,1
הלפרן ירמיהו,הלפרן ירמיהו,0,99999,עין הים,1,points_range,2
המאירי אביגדור,המאירי אביגדור,0,99999,רמת שאול,1,points_range,10
המגינים,המגינים,0,64,"שער פלמר, תחנת רכבת השמונה",1,points_range,39
המגינים,המגינים,65,84,ואדי ניסנאס,1,points_range,8
המגינים,המגינים,85,121,מושבה גרמנית,1,points_range,22
המגינים,המגינים,122,99999,קריית אליהו,1,points_range,14
המגינים,המגינים,0,99999,"שער פלמר, תחנת רכבת השמונה",2,points_street,43
המוכתר צבי,המוכתר צבי,0,99999,תל עמל,3,segment_majority,1.0
המולדת,המולדת,0,99999,קריית שמואל,2,points_street,1
המוסכים,המוסכים,0,99999,מכון טיהור,1,points_range,16
המחנך נפחא,המחנך נפחא,0,99999,נוה יוסף,1,points_range,7
המיימוני,המיימוני,0,99999,המיימוני,3,segment_majority,0.976
המים,המים,0,99999,מרכז הכרמל,1,points_range,3
המימוני,המימוני,0,99999,המיימוני,1,points_range,1
המכס,המכס,0,99999,בת גלים,1,points_range,8
המלאכה,המלאכה,0,99999,"צומת הקריות, חוף שמן",1,points_range,13
המלך אמציהו,אמציהו המלך,0,99999,נוה דוד,1,points_range_wordorder,5
המלך אסא,אסא המלך,0,99999,נוה דוד,1,points_range_wordorder,13
המלך דוד,דוד המלך,0,99999,נוה דוד,1,points_range_wordorder,31
המלך חזקיהו,חזקיהו המלך,0,99999,נוה דוד,1,points_range_wordorder,10
המלך יהואש,יהואש המלך,0,99999,נוה דוד,1,points_range_wordorder,24
המלך יהושפט,יהושפט המלך,0,99999,נוה דוד,1,points_range_wordorder,14
המלך עוזיהו,עוזיהו המלך,0,99999,נוה דוד,1,points_range_wordorder,12
המלך שאול,שאול המלך,0,99999,נוה דוד,1,points_range_wordorder,15
המסגר,המסגר,0,99999,אזור תעשיה מפרץ,1,points_range,22
המסורת,המסורת,0,99999,קריית שמואל,1,points_range,6
המסילה,המסילה,0,99999,"צומת הקריות, חוף שמן",4,legacy_table,0
המעפילים,המעפילים,0,99999,קריית אליעזר,1,points_range,21
המערות,המערות,0,99999,כבירים,1,points_range,4
המפוח,המפוח,0,99999,אזור תעשיה מפרץ,3,segment_majority,1.0
המפרי יוברט,יוברט המפרי,0,99999,עין הים,3,segment_majority_wordorder,0.994
המפרץ,נתיב המפרץ,0,99999,אזור תעשיה מפרץ,4,legacy_table,0
המפרש,המפרש,0,99999,"מת""ם",3,segment_majority,1.0
המרוניטים,המרוניטים,0,17,"שער פלמר, תחנת רכבת השמונה",1,points_range,15
המרוניטים,המרוניטים,18,99999,ואדי ניסנאס,1,points_range,3
המרוניטים,המרוניטים,0,99999,"שער פלמר, תחנת רכבת השמונה",2,points_street,15
המשביר,המשביר,0,99999,"צומת הקריות, חוף שמן",1,points_range,10
המשורר,"מיכ""ל (המשורר)",0,99999,אחוזה,6,segment_majority_alias,1.0
המשטרה,המשטרה,0,99999,בת גלים,3,segment_majority,1.0
המתנדבים,שד' המתנדבים,0,99999,בת גלים,3,segment_majority,1.0
הנאמנים,הנאמנים,0,99999,"שער פלמר, תחנת רכבת השמונה",1,points_range,7
הנביאים,הנביאים,0,21,הדר מרכז,1,points_range,20
הנביאים,הנביאים,22,99999,הרצליה,1,points_range,11
הנביאים,הנביאים,0,99999,הדר מרכז,2,points_street,20
הנגב,הנגב,0,99999,רמת ויז'ניץ,1,points_range,6
הנגיד,הנגיד,0,99999,"עיר תחתית מזרח, ואדי סאליב",3,segment_majority,1.0
הנדיב,הנדיב,0,99999,שמבור,1,points_range,18
הנוטר,הנוטר,0,99999,קריית חיים מזרחית,1,points_range,76
הנופר,הנופר,0,99999,אזור תעשיה מפרץ,1,points_range,3
הנטקה,הנטקה,0,99999,אחוזה,1,points_range,43
הנמל,הנמל,0,99999,"שער פלמר, תחנת רכבת השמונה",1,points_range,25
הנפח,הנפח,0,99999,"צומת הקריות, חוף שמן",1,points_range,19
הנציב,"הנצי""ב",0,99999,קריית שמואל,1,points_range,26
הנרייטה סולד,סולד הנרייטה,0,99999,כרמל מרכזי- שד' קיש,1,points_range_wordorder,26
הנרקיסים,הנרקיסים,0,99999,כרמל מערבי,1,points_range,6
הנשיא,הנשיא,0,3,כרמל צרפתי,1,points_range,3
הנשיא,הנשיא,4,114,רמת התשבי,1,points_range,90
הנשיא,הנשיא,115,99999,מרכז הכרמל,1,points_range,21
הנשיא,הנשיא,0,99999,רמת התשבי,2,points_street,119
הנשיא טרומן,שדרות הנשיא טרומן,0,99999,קריית חיים מערבית,3,segment_majority,1.0
הנשר,הנשר,0,99999,כבירים,1,points_range,7
הס,הס,0,99999,הדר עליון,1,points_range,40
הסביונים,הסביונים,0,99999,כרמל מרכזי- שד' קיש,1,points_range,5
הסדנה,הסדנה,0,99999,"צומת הקריות, חוף שמן",1,points_range,5
הסולל,הסולל,0,99999,אזור תעשיה מפרץ,1,points_range,4
הסחלב,הסחלב,0,99999,אחוזה,1,points_range,29
הסנה,הסנה,0,99999,כרמל מערבי,1,points_range,14
הסנונית,הסנונית,0,99999,קריית חיים מזרחית,3,segment_majority,1.0
הספורט,הספורט,0,99999,מרכז הכרמל,1,points_range,18
הספורטאי,"כיכר זוהר, אורי (הספורטאי)",0,99999,רוממה,6,segment_majority_alias,1.0
הסראיה,הסראיה,0,99999,"קריית הממשלה ע""ש רבין",3,segment_majority,1.0
הסתדרות,ההסתדרות,0,48,"צומת הקריות, חוף שמן",4,points_range_alias,23
הסתדרות,ההסתדרות,49,115,מכון טיהור,4,points_range_alias,35
הסתדרות,ההסתדרות,116,99999,אזור תעשיה מפרץ,4,points_range_alias,88
הסתדרות,ההסתדרות,0,99999,אזור תעשיה מפרץ,5,points_street_alias,110
העבודה,העבודה,0,99999,אזור תעשיה מפרץ,1,points_range,1
העוגן,העוגן,0,99999,עין הים,1,points_range,37
העולים,נתיב העולים,0,99999,קריית שמואל,3,segment_majority,0.994
העליה השניה,העליה השניה,0,99999,בת גלים,1,points_range,43
העמלים,העמלים,0,99999,אזור תעשיה מפרץ,1,points_range,24
העמק,העמק,0,99999,הדר עליון,1,points_range,7
העמקים,דרך העמקים,0,99999,"צומת הקריות, חוף שמן",3,segment_majority,0.589
העצמאות,העצמאות,0,134,"שער פלמר, תחנת רכבת השמונה",1,points_range,64
העצמאות,העצמאות,135,99999,מושבה גרמנית,1,points_range,9
העצמאות,העצמאות,0,99999,"שער פלמר, תחנת רכבת השמונה",2,points_street,80
הערבה,הערבה,0,99999,קריית שמואל,1,points_range,8
העתיד,העתיד,0,99999,"צומת הקריות, חוף שמן",2,points_street,1
הפוסקים,הפוסקים,0,99999,קריית שמואל,1,points_range,14
הפועל,הפועל,0,99999,הדר עליון,1,points_range,14
הפלוגות,הפלוגות,0,99999,קריית חיים מזרחית,1,points_range,63
הפלס,הפלס,0,99999,אזור תעשיה מפרץ,1,points_range,7
הפרחים,הפרחים,0,99999,רמת בן גוריון,1,points_range,6
הפרטיזנים,הפרטיזנים,0,99999,קריית אליעזר,1,points_range,17
הפרסים,הפרסים,0,17,ואדי ניסנאס,1,points_range,11
הפרסים,הפרסים,18,99999,עבאס,1,points_range,5
הפרסים,הפרסים,0,99999,ואדי ניסנאס,2,points_street,12
הפשוש,הפשוש,0,99999,רמת חן,3,segment_majority,1.0
הצבי,הצבי,0,99999,כבירים,1,points_range,36
הצדף,הצדף,0,99999,נוה דוד,2,points_street,1
הצוללת דקר,הצוללת דקר,0,99999,רמת בן גוריון,1,points_range,16
הצופים,הצופים,0,99999,כבירים,1,points_range,5
הציונות,הציונות,0,35,ואדי ניסנאס,1,points_range,28
הציונות,הציונות,36,96,עבאס,1,points_range,31
הציונות,הציונות,97,99999,כרמל צרפתי,1,points_range,25
הציונות,הציונות,0,99999,עבאס,2,points_street,40
הצלבנים,הצלבנים,0,99999,כרמל צרפתי,1,points_range,28
הצלפים,הצלפים,0,99999,רוממה,1,points_range,23
הצנחנים,סמטת הצנחנים,0,99999,בת גלים,3,segment_majority,1.0
הצפירה,הצפירה,0,99999,זיו,1,points_range,8
הקבוצים,הקבוצים,0,99999,קריית חיים מזרחית,1,points_range,77
הקונגרס,הקונגרס,0,99999,קריית חיים מערבית,1,points_range,75
הקורנס,הקורנס,0,99999,"צומת הקריות, חוף שמן",1,points_range,8
הקטר,הקטר,0,99999,"עיר תחתית מזרח, ואדי סאליב",1,points_range,1
הקיבוצים,הקיבוצים,0,99999,קריית חיים מזרחית,3,segment_majority,1.0
הקיטור,הקיטור,0,99999,אזור תעשיה מפרץ,1,points_range,17
הקישון,הקישון,0,16,"יל""ג",1,points_range,15
הקישון,הקישון,17,99999,"עיר תחתית מזרח, ואדי סאליב",1,points_range,3
הקישון,הקישון,0,99999,"יל""ג",2,points_street,15
הקלעים,הקלעים,0,99999,בת גלים,1,points_range,10
הקנאים,הקנאים,0,99999,הדר עליון,1,points_range,2
הקשת,הקשת,0,99999,כבירים,1,points_range,8
הראה,"הרא""ה",0,99999,קריית שמואל,1,points_range,23
הראל,הראל,0,99999,רוממה,1,points_range,17
הראשונים,הראשונים,0,99999,קריית חיים מזרחית,1,points_range,103
הרב,אסף דוד (הרב),0,99999,רמת בגין,6,segment_majority_alias,1.0
הרב אוחנה,הרב אוחנה,0,99999,"עיר תחתית מזרח, ואדי סאליב",3,segment_majority,0.584
הרב אסף,הרב אסף,0,99999,רמת בגין,3,segment_majority,1.0
הרב אריה לוין,לוין אריה הרב,0,99999,קריית שמואל,1,points_range_wordorder,11
הרב הרצוג,הרב הרצוג,0,99999,"יל""ג",1,points_range,12
הרב יוסף משאש,הרב משאש יוסף,0,99999,נוה יוסף,3,segment_majority_wordorder,1.0
הרב יוסף משאש,הרב יוסף משאש,0,99999,נוה יוסף,3,segment_majority_wordorder,1.0
הרב מיימון,הרב מיימון,0,99999,נוה שאנן,3,segment_majority,1.0
הרב מרכוס,הרב מרכוס,0,99999,שוק תלפיות,3,segment_majority,0.656
הרב משאש יוסף,הרב משאש יוסף,0,99999,נוה יוסף,3,segment_majority,1.0
הרב ניסים,הרב ניסים,0,99999,קריית שמואל,3,segment_majority,1.0
הרב ניסים אוחנה,הרב ניסים אוחנה,0,99999,שוק תלפיות,3,segment_majority,0.548
הרב קוק,הרב קוק,0,99999,קריית חיים מזרחית,3,segment_majority,1.0
הרב קלישר,קלישר הרב,0,99999,זיו,1,points_range_wordorder,14
הרב קניאל,הרב קניאל,0,99999,רמת הדר,3,segment_majority,0.551
הרב רפאל אנקואה,אנקואה רפאל הרב,0,99999,שער העלייה,1,points_range_wordorder,19
הרב שלמה גורן,גורן שלמה הרב,0,99999,קריית שמואל,2,points_street_wordorder,1
הרבנית חיה מושקא,הרבנית חיה מושקא,0,99999,קריית שמואל,3,segment_majority,1.0
הרדוף,הרדוף,0,99999,כרמל מערבי,1,points_range,13
הרואה,"שדרות הרוא""ה",0,99999,קריית שמואל,3,segment_majority,1.0
הרופא,הרופא,0,99999,אחוזה,1,points_range,34
הרותם,הרותם,0,99999,שער העלייה,1,points_range,25
הריף,"הרי""ף",0,99999,קריית שמואל,1,points_range,5
הרכבת,סמטת הרכבת,0,99999,"עיר תחתית מזרח, ואדי סאליב",3,segment_majority,1.0
הרמן צבי,צבי הרמן,0,99999,אזור תעשיה מפרץ,3,segment_majority_wordorder,1.0
הרץ,הרץ,0,99999,"צומת הקריות, חוף שמן",3,segment_majority,1.0
הרץ היינריך,הרץ היינריך,0,99999,"צומת הקריות, חוף שמן",1,points_range,1
הרץ הינריך,הרץ הינריך,0,99999,"צומת הקריות, חוף שמן",1,points_range,5
הרצוג,הרצוג,0,99999,"יל""ג",3,segment_majority,1.0
הרצוג הרב,הרב הרצוג,0,99999,"יל""ג",1,points_range_wordorder,12
הרצל,הרצל,0,25,הדר מרכז,1,points_range,22
הרצל,הרצל,26,67,שוק תלפיות,1,points_range,33
הרצל,הרצל,68,99999,"יל""ג",1,points_range,32
הרצל,הרצל,0,99999,"יל""ג",2,points_street,37
הרצל גרינשפון,הרצל גרינשפון,0,99999,אזור תעשיה מפרץ,3,segment_majority,1.0
הרצליה,הרצליה,0,99999,הרצליה,1,points_range,33
הרקפות,הרקפות,0,99999,כרמל מערבי,1,points_range,15
השומר,השומר,0,99999,"יל""ג",1,points_range,31
השופט יעקב אזולאי,אזולאי יעקב השופט,0,99999,רמת אלון,1,points_range_wordorder,15
השופט שלום,קסאן (השופט שלום),0,99999,קריית שפרינצק,6,segment_majority_alias,1.0
השופט שלום קסאן,השופט שלום קסאן,0,99999,קריית שפרינצק,4,legacy_table,0
השחף,השחף,0,99999,בת גלים,1,points_range,5
השחר,השחר,0,99999,הדר עליון,1,points_range,3
השחרור,השחרור,0,99999,"עיר תחתית מזרח, ואדי סאליב",1,points_range,12
השיירה,השיירה,0,99999,קריית חיים מזרחית,1,points_range,46
השילוח,השילוח,0,99999,גאולה,3,segment_majority,1.0
השיש,השיש,0,99999,אזור תעשיה מפרץ,1,points_range,48
השל יהושע פרופ,השל יהושע פרופ',0,99999,יזרעאליה,1,points_range,11
השל פרופ יהושע,השל יהושע פרופ',0,99999,יזרעאליה,1,points_range_wordorder,11
השלוח,השלוח,0,99999,גאולה,1,points_range,15
השלום,השלום,0,8,הרצליה,1,points_range,8
השלום,השלום,9,99999,מסדה,1,points_range,9
השלום,השלום,0,99999,מסדה,2,points_street,10
השמש,השמש,0,99999,שוק תלפיות,3,segment_majority,1.0
השקד,השקד,0,99999,קריית חיים מזרחית,1,points_range,18
השרון,השרון,0,99999,בת גלים,1,points_range,39
התאנה,התאנה,0,99999,קריית חיים מזרחית,1,points_range,7
התבור,התבור,0,99999,רמת ויז'ניץ,1,points_range,3
התור,התור,0,99999,כבירים,1,points_range,10
התורן,התורן,0,99999,עין הים,1,points_range,42
התיכון,התיכון,0,99999,נוה שאנן,1,points_range,77
התיכונים,דרך התיכונים,0,99999,מרכז הכרמל,3,segment_majority,1.0
התמר,התמר,0,99999,כרמל מערבי,1,points_range,38
התנאים,התנאים,0,99999,קריית שמואל,1,points_range,16
התקוה,התקוה,0,99999,קריית אליהו,1,points_range,6
התקומה,התקומה,0,99999,קריית חיים מערבית,1,points_range,47
התשבי,התשבי,0,124,רמת התשבי,1,points_range,105
התשבי,התשבי,125,99999,מרכז הכרמל,1,points_range,3
התשבי,התשבי,0,99999,רמת התשבי,2,points_street,106
התשעה,התשעה,0,99999,נוה יוסף,1,points_range,5
התשעים ושלוש,התשעים ושלוש,0,99999,ואדי ניסנאס,1,points_range,18
התשעים ושלש,התשעים ושלש,0,99999,ואדי ניסנאס,4,legacy_table,0
ואדי,הואדי,0,99999,ואדי ניסנאס,4,points_range_alias,41
ואדי אבן,ואדי אבן,0,99999,"נעמ""ת",3,segment_majority,0.614
ואדי אזוב,ואדי אזוב,0,99999,שמבור,3,segment_majority,0.886
ואדי אחוזה,ואדי אחוזה,0,99999,אחוזה,3,segment_majority,0.693
ואדי אחוזה תחתון,ואדי אחוזה תחתון,0,99999,רמת אשכול,3,segment_majority,0.944
ואדי התשבי,ואדי התשבי,0,99999,רמת התשבי,3,segment_majority,0.57
ואדי ורדיה דרומי,ואדי ורדיה דרומי,0,99999,אחוזה,3,segment_majority,1.0
ואדי זיו,ואדי זיו,0,99999,זיו,3,segment_majority,0.828
ואדי טירה,ואדי טירה,0,99999,הוד הכרמל,3,segment_majority,1.0
ואדי נדר,ואדי נדר,0,99999,הוד הכרמל,3,segment_majority,1.0
ואדי סאליב,ואדי סאליב,0,99999,"עיר תחתית מזרח, ואדי סאליב",3,segment_majority,0.978
ואדי סליב,ואדי סליב,0,99999,"עיר תחתית מזרח, ואדי סאליב",1,points_range,3
ואדי עובדיה,ואדי עובדיה,0,99999,הוד הכרמל,3,segment_majority,0.46
ואדי עמיק,ואדי עמיק,0,99999,נוה דוד,3,segment_majority,0.819
ואדי עמירם,ואדי עמירם,0,99999,רמת בגין,3,segment_majority,0.676
ואדי ראש-מיה,ואדי ראש-מיה,0,99999,רמת ויז'ניץ,3,segment_majority,0.635
ואדי רמז,ואדי רמז,0,99999,רמת חן,3,segment_majority,0.533
ואדי שיח,ואדי שיח,0,99999,בתי עלמין,3,segment_majority,0.483
וברמן ברוניסלב,הוברמן ברוניסלב,0,99999,הוד הכרמל,4,points_range_alias,3
וודגווד,וודג'ווד,0,99999,מרכז הכרמל,3,segment_majority,0.986
ווט גיימס,ווט ג'יימס,0,99999,אזור תעשיה מפרץ,1,points_range,13
ווטסון ליונל,ווטסון ליונל,0,99999,רמת בגין,1,points_range,20
וולפסון,וולפסון,0,99999,מרכז הכרמל,1,points_range,3
וז דב,סמטת הוז דב,0,99999,בת גלים,6,segment_majority_alias,1.0
וייז סטפן,וייז סטפן,0,99999,רמת שאול,1,points_range,29
ויינשל אברהם דר,"ויינשל אברהם ד""ר",0,99999,רמת אשכול,2,points_street,1
וילבוש נחום,וילבוש נחום,0,99999,"צומת הקריות, חוף שמן",1,points_range,4
וילנאי זאב,וילנאי זאב,0,99999,רמת אלון,1,points_range,18
וילנסקי,וילנסקי,0,99999,הדר מרכז,4,legacy_table,0
וינגיט,וינגיט,0,19,הדר עליון,1,points_range,17
וינגיט,וינגיט,20,37,רמת הדר,1,points_range,14
וינגיט,וינגיט,38,99999,כרמל מרכזי- שד' קיש,1,points_range,3
וינגיט,וינגיט,0,99999,כרמל מרכזי- שד' קיש,2,points_street,20
וינגייט,וינגייט,0,99999,רמת הדר,3,segment_majority,0.45
וינר יוסף,וינר יוסף,0,99999,תל עמל,1,points_range,15
ויסמנס קמיל,הויסמנס קמיל,0,99999,הוד הכרמל,4,points_range_alias,36
ויצו,"ויצ""ו",0,99999,כרמליה,1,points_range,23
ויקטור הוגו,ויקטור הוגו,0,99999,רמת שאול,1,points_range,14
ויתקין יוסף,ויתקין יוסף,0,99999,אחוזה,1,points_range,43
ולנברג ראול,ולנברג ראול,0,99999,רמת אשכול,1,points_range,33
ולנד,הולנד,0,99999,הוד הכרמל,4,points_range_alias,27
ולצברג שמחה,הולצברג שמחה,0,99999,קריית שפרינצק,7,legacy_table_alias,0
ורבורג,ורבורג,0,35,קריית חיים מערבית,1,points_range,30
ורבורג,ורבורג,36,99999,קריית שמואל,1,points_range,31
ורבורג,ורבורג,0,99999,קריית שמואל,2,points_street,45
ורדיה,ורדיה,0,99999,ורדיה,1,points_range,42
ורדים,הורדים,0,99999,כבירים,4,points_range_alias,7
ותיקים,הותיקים,0,99999,קריית חיים מערבית,4,points_range_alias,36
זאב בנין,בנין זאב,0,99999,נוה פז,1,points_range_wordorder,5
זאב הים,זאב הים,0,99999,"נעמ""ת",1,points_range,4
זאב וילנאי,וילנאי זאב,0,99999,רמת אלון,1,points_range_wordorder,18
זאב זבוטינסקי,זאב ז'בוטינסקי,0,99999,כרמל צרפתי,3,segment_majority,1.0
זאב פרוש,זאב פרוש,0,99999,חליסה,4,legacy_table,0
זבוטינסקי,שדרות ז'בוטינסקי,0,99999,קריית שמואל,3,segment_majority,1.0
זבולון,זבולון,0,6,"יל""ג",1,points_range,5
זבולון,זבולון,7,99999,רמת ויז'ניץ,1,points_range,4
זבולון,זבולון,0,99999,"יל""ג",2,points_street,5
זבולון המר,כיכר זבולון המר,0,99999,קריית שמואל,3,segment_majority,1.0
זגג,הזגג,0,99999,"שער פלמר, תחנת רכבת השמונה",6,segment_majority_alias,1.0
זוהר,זוהר,0,99999,"מרכז הקונגרסים, נאות פרס, יצחק נבון",1,points_range,4
זוהר אורי,"כיכר זוהר, אורי (הספורטאי)",0,99999,רוממה,3,segment_majority,1.0
זולא אמיל,זולא אמיל,0,99999,רמת שאול,1,points_range,18
זורס,ז'ורס,0,99999,קריית שפרינצק,1,points_range,37
זורע מאיר,מאיר זורע,0,99999,חוף הכרמל,3,segment_majority_wordorder,0.571
זז חיים,הזז חיים,0,99999,סביוני הכרמל,4,points_range_alias,5
זיוונית,זיוונית,0,99999,כבירים,1,points_range,1
זיונית,זיונית,0,99999,כבירים,1,points_range,3
זייד אלכסנדר,זייד אלכסנדר,0,99999,קריית חיים מזרחית,1,points_range,98
זילפה,זילפה,0,99999,קריית אליעזר,1,points_range,6
זימנא נחום דר,"זימנא נחום ד""ר",0,99999,עבאס,2,points_street,1
זינגר מנדל,זינגר מנדל,0,99999,סביוני הכרמל,1,points_range,10
זיסו א ל,זיסו א ל,0,99999,בת גלים,1,points_range,9
זית,הזית,0,99999,קריית אליעזר,4,points_range_alias,23
זכאי אברהם,"כיכר זכאי, אברהם",0,99999,אחוזה,3,segment_majority,1.0
זכריה,מדרגות זכריה,0,99999,רמת התשבי,3,segment_majority,1.0
זלטין יגאל,"כיכר זלטין, יגאל",0,99999,יזרעאליה,3,segment_majority,0.847
זלמן ארן,ארן זלמן,0,99999,קריית חיים מערבית,1,points_range_wordorder,75
זלמן שניאור,שניאור זלמן,0,99999,רמות רמז,1,points_range_wordorder,41
זמיר,הזמיר,0,99999,אחוזה,4,points_range_alias,8
זמכשרי,זמכשרי,0,99999,חליסה,1,points_range,13
זמנהוף,זמנהוף,0,99999,אחוזה,1,points_range,22
זרו,זורע מאיר (זרו),0,99999,חוף הכרמל,7,legacy_table_alias,0
זרובבל,זרובבל,0,99999,שמבור,1,points_range,20
חבד,"חב""ד",0,99999,קריית שמואל,1,points_range,17
חבובה אליהו,חבובה אליהו,0,99999,שוק תלפיות,2,points_street,1
חביבה רייך,חביבה רייך,0,99999,רמות רמז,1,points_range,50
חבס הכהן ברכה,חבס הכהן ברכה,0,99999,הדר מרכז,4,legacy_table,0
חבס הכוהן ברכה,חבס הכוהן ברכה,0,99999,הדר עליון,1,points_range,12
חבצלת,החבצלת,0,99999,קריית חיים מערבית,4,points_range_alias,14
חבקוק,חבקוק,0,99999,נוה דוד,1,points_range,1
חברון,חברון,0,99999,מסדה,1,points_range,7
חברת פז,חברת פז,0,99999,"צומת הקריות, חוף שמן",3,segment_majority,1.0
חדאד,חדאד,0,99999,ואדי ניסנאס,1,points_range,10
חדרה,חדרה,0,99999,"יל""ג",1,points_range,4
חוגלה,חוגלה,0,99999,"עיר תחתית מזרח, ואדי סאליב",3,segment_majority,1.0
חוחית,חוחית,0,99999,רמת חן,1,points_range,10
חולדה,חולדה,0,99999,כרמל מרכזי- שד' קיש,1,points_range,4
חולדה גורביץ,טיילת חולדה גורביץ',0,99999,בת גלים,3,segment_majority,1.0
חומה ומגדל,חומה ומגדל,0,99999,קריית חיים מזרחית,1,points_range,57
חוסן,חוסן,0,99999,חליסה,1,points_range,10
חוף הכרמל,טיילת חוף הכרמל,0,99999,חוף הכרמל,3,segment_majority,0.883
חוף השנהב,חוף השנהב,0,99999,הוד הכרמל,1,points_range,28
חורב,חורב,0,99999,אחוזה,1,points_range,75
חורי,ח'ורי,0,99999,ואדי ניסנאס,3,segment_majority,1.0
חורשה,חורשה,0,99999,רמת התשבי,1,points_range,13
חורשת הבנים,חורשת הבנים,0,99999,רוממה,3,segment_majority,1.0
חותרים,החותרים,0,99999,קריית אליעזר,4,points_range_alias,7
חזן יעקב,חזן יעקב,0,21,נוה יוסף,1,points_range,11
חזן יעקב,חזן יעקב,22,99999,"מורדות נו""ש",1,points_range,5
חזקיהו המלך,חזקיהו המלך,0,99999,נוה דוד,1,points_range,10
חטיבת גולני,חטיבת גולני,0,99999,"עיר תחתית מזרח, ואדי סאליב",1,points_range,25
חטיבת כרמלי,חטיבת כרמלי,0,99999,נוה פז,1,points_range,44
חטיבת עודד,חטיבת עודד,0,99999,רוממה,1,points_range,4
חידא,"חיד""א",0,99999,קריית שמואל,3,segment_majority,1.0
חיה מושקא,מושקא חיה,0,99999,קריית שמואל,1,points_range_wordorder,3
חיות פרץ,חיות פרץ,0,99999,רמת שאול,1,points_range,1
חיטה,החיטה,0,99999,אזור תעשיה מפרץ,4,points_range_alias,9
חיים,חיים,0,3,שוק תלפיות,1,points_range,3
חיים,חיים,4,99999,הדר מרכז,1,points_range,15
חיים,חיים,0,99999,הדר מרכז,2,points_street,15
חיים ברלב,ברלב חיים,0,99999,נוה יוסף,1,points_range_wordorder,10
חיים הזז,הזז חיים,0,99999,סביוני הכרמל,1,points_range_wordorder,5
חיים וויצמן,חיים וויצמן,0,99999,הדר מרכז,3,segment_majority,1.0
חיים ויצמן,חיים ויצמן,0,99999,הדר מרכז,3,segment_majority,0.78
חיים סוטין,סוטין חיים,0,99999,קריית שפרינצק,1,points_range_wordorder,4
חיים קסטן,חיים קסטן,0,99999,"מרכז הקונגרסים, נאות פרס, יצחק נבון",3,segment_majority,1.0
חיים רייסקין,טיילת חיים רייסקין,0,99999,קריית הטכניון,3,segment_majority,0.997
חיל,"החי""ל",0,99999,בת גלים,4,points_range_alias,12
חיל הים,חיל הים,0,99999,בת גלים,1,points_range,4
חיננית,החיננית,0,99999,שער העלייה,4,points_range_alias,8
חיץ אש,דרך חיץ אש,0,99999,הוד הכרמל,3,segment_majority,1.0
חירם,חירם,0,99999,"צומת הקריות, חוף שמן",1,points_range,3
חכים אליהו,חכים אליהו,0,99999,רמת שאול,1,points_range,3
חכמי ישראל,חכמי ישראל,0,99999,קריית שמואל,1,points_range,4
חלוץ,החלוץ,0,26,הדר מרכז,4,points_range_alias,19
חלוץ,החלוץ,27,99999,שוק תלפיות,4,points_range_alias,34
חלוץ,החלוץ,0,99999,שוק תלפיות,5,points_street_alias,35
חלוצה,החלוצה,0,99999,הדר מרכז,6,segment_majority_alias,1.0
חלוצי התעשיה,חלוצי התעשיה,0,99999,אזור תעשיה מפרץ,1,points_range,72
חלמיש,חלמיש,0,99999,רמת אלמוגי,1,points_range,3
חלץ,חלץ,0,99999,"צומת הקריות, חוף שמן",1,points_range,9
חמאם אל פשה,חמאם אל פשה,0,99999,"קריית הממשלה ע""ש רבין",3,segment_majority,0.896
חמדה,חמדה,0,99999,"מרכז הקונגרסים, נאות פרס, יצחק נבון",1,points_range,15
חן,חן,0,7,יזרעאליה,1,points_range,7
חן,חן,8,99999,נוה שאנן,1,points_range,51
חן,חן,0,99999,נוה שאנן,2,points_street,82
חנה,חנה,0,99999,כרמליה,1,points_range,38
חנה סנש,סנש חנה,0,7,הדר עליון,1,points_range_wordorder,6
חנה סנש,סנש חנה,8,22,רמת הדר,1,points_range_wordorder,11
חנה סנש,סנש חנה,23,99999,המיימוני,1,points_range_wordorder,12
חנה רובינא,רובינא חנה,0,99999,רמת גולדה,1,points_range_wordorder,7
חניון בית הקפה,חניון בית הקפה,0,99999,כרמל צרפתי,3,segment_majority,1.0
חניתה,חניתה,0,99999,נוה שאנן,1,points_range,79
חנקין,חנקין,0,99999,רמות רמז,1,points_range,40
חסידי אומות העולם,חסידי אומות העולם,0,99999,רמת אלון,1,points_range,25
חסן שוקרי,חסן שוקרי,0,14,הדר מרכז,1,points_range,13
חסן שוקרי,חסן שוקרי,15,99999,שוק תלפיות,1,points_range,8
חסן שוקרי,חסן שוקרי,0,99999,הדר מרכז,2,points_street,13
חפצי בה,חפצי בה,0,99999,קריית חיים מערבית,1,points_range,57
חפציבה,חפציבה,0,99999,קריית חיים מערבית,3,segment_majority,1.0
חצב,חצב,0,99999,כרמל צרפתי,3,segment_majority,1.0
חרב לאת,חרב לאת,0,99999,קריית חיים מערבית,1,points_range,66
חרוב,חרוב,0,99999,כרמל מערבי,1,points_range,22
חרושת,החרושת,0,99999,אזור תעשיה מפרץ,4,points_range_alias,7
חרמון,חרמון,0,99999,גאולה,1,points_range,36
חרמש,החרמש,0,99999,מכון טיהור,4,points_range_alias,6
חרצית,החרצית,0,99999,ורדיה,6,segment_majority_alias,1.0
חרש,החרש,0,99999,אזור תעשיה מפרץ,4,points_range_alias,19
חשבון,חשבון,0,99999,"שער פלמר, תחנת רכבת השמונה",1,points_range,9
חשמונאים,החשמונאים,0,31,כרמל מרכזי- שד' קיש,4,points_range_alias,29
חשמונאים,החשמונאים,32,99999,הדר עליון,4,points_range_alias,3
חשמונאים,החשמונאים,0,99999,הדר עליון,5,points_street_alias,17
חשמל,החשמל,0,99999,נוה פז,4,points_range_alias,33
חת נחום,חת נחום,0,99999,"מת""ם",1,points_range,4
חתם סופר,"חת""ם סופר",0,99999,גאולה,3,segment_majority,1.0
טבנקין יצחק,טבנקין יצחק,0,53,יזרעאליה,1,points_range,22
טבנקין יצחק,טבנקין יצחק,54,99999,נוה יוסף,1,points_range,3
טבנקין יצחק,טבנקין יצחק,0,99999,יזרעאליה,2,points_street,28
טבריה,טבריה,0,99999,מסדה,1,points_range,17
טברסקי,טברסקי,0,99999,רמת בגין,3,segment_majority,1.0
טברסקי גניה,טברסקי ג'ניה,0,99999,רמת בגין,1,points_range,4
טהון יעקב,טהון יעקב,0,99999,רמת גולדה,1,points_range,2
טובים,טובים,0,99999,"צומת הקריות, חוף שמן",1,points_range,2
טוסקניני,טוסקניני,0,99999,רמת אשכול,3,segment_majority,1.0
טוסקניני ארתור,טוסקניני ארתור,0,99999,רמת אשכול,1,points_range,12
טופז,טופז,0,99999,"צומת הקריות, חוף שמן",3,segment_majority,1.0
טחנות הגדולות,הטחנות הגדולות,0,99999,"עיר תחתית מזרח, ואדי סאליב",6,segment_majority_alias,1.0
טכניון,דרך הטכניון,0,99999,קריית הטכניון,6,segment_majority_alias,1.0
טמפלרים,הטמפלרים,0,99999,מושבה גרמנית,6,segment_majority_alias,1.0
טנא,הטנא,0,99999,מרכז הכרמל,4,points_range_alias,1
טרומן,טרומן,0,99999,קריית חיים מערבית,1,points_range,25
טרומפלדור,טרומפלדור,0,26,נוה שאנן,1,points_range,22
טרומפלדור,טרומפלדור,27,99999,זיו,1,points_range,24
טרומפלדור,טרומפלדור,0,99999,זיו,2,points_street,38
טשרניחובסקי,טשרניחובסקי,0,33,כרמל צרפתי,1,points_range,30
טשרניחובסקי,טשרניחובסקי,34,99999,רמת שאול,1,points_range,18
טשרניחובסקי,טשרניחובסקי,0,99999,כרמל צרפתי,2,points_street,31
יא הספורטאים,"י""א הספורטאים",0,99999,"מרכז הקונגרסים, נאות פרס, יצחק נבון",2,points_street,1
יאיר כץ,"כ""ץ יאיר",0,99999,כרמל מרכזי- שד' קיש,1,points_range_wordorder,10
יאנוש קורצאק,קורצ'אק יאנוש,0,99999,אחוזה,1,points_range_wordorder,11
יבנאלי,יבנאלי,0,99999,קריית חיים מזרחית,3,segment_majority,1.0
יבנאלי שמואל,יבנאלי שמואל,0,99999,קריית חיים מזרחית,1,points_range,15
יבנה,יבנה,0,8,הדר מרכז,1,points_range,5
יבנה,יבנה,9,99999,ואדי ניסנאס,1,points_range,5
יבנה,יבנה,0,99999,ואדי ניסנאס,2,points_street,5
יגאל אלון,יגאל אלון,0,99999,רמת אלון,1,points_range,27
יגאל בשן,יגאל בשן,0,99999,גבעת זמר,3,segment_majority,1.0
יגאל ידין,יגאל ידין,0,99999,פארק הקישון,3,segment_majority,0.679
יגור,יגור,0,99999,נוה פז,1,points_range,11
יגיע כפיים,יגיע כפיים,0,99999,אזור תעשיה מפרץ,1,points_range,6
יד לבנים,יד לבנים,0,8,"עיר תחתית מזרח, ואדי סאליב",1,points_range,5
יד לבנים,יד לבנים,9,37,נוה פז,1,points_range,25
יד לבנים,יד לבנים,38,90,תל עמל,1,points_range,42
יד לבנים,יד לבנים,91,101,נוה פז,1,points_range,4
יד לבנים,יד לבנים,102,182,תל עמל,1,points_range,24
יד לבנים,יד לבנים,183,99999,יזרעאליה,1,points_range,14
יד לבנים,יד לבנים,0,99999,תל עמל,2,points_street,84
יהואש המלך,יהואש המלך,0,99999,נוה דוד,1,points_range,24
יהודה,יהודה,0,99999,כרמליה,1,points_range,4
יהודה איתין,יהודה איתין,0,99999,אזור תעשיה מפרץ,3,segment_majority,1.0
יהודה ארזי,יהודה ארזי,0,99999,"עיר תחתית מזרח, ואדי סאליב",3,segment_majority,1.0
יהודה בורלא,בורלא יהודה,0,99999,רמות רמז,1,points_range_wordorder,22
יהודה גור,גור יהודה,0,99999,הוד הכרמל,1,points_range_wordorder,25
יהודה הלוי,יהודה הלוי,0,99999,"עיר תחתית מזרח, ואדי סאליב",1,points_range,26
יהודה עמיחי,יהודה עמיחי,0,99999,גבעת זמר,3,segment_majority,1.0
יהודית,יהודית,0,99999,כרמליה,3,segment_majority,1.0
יהונתן,יהונתן,0,99999,בת גלים,3,segment_majority,1.0
יהורם גאון,יהורם גאון,0,99999,גבעת זמר,3,segment_majority,0.943
יהושוע,יהושוע,0,99999,הדר מרכז,3,segment_majority,1.0
יהושע,יהושע,0,99999,הדר מרכז,1,points_range,4
יהושע גלוברמן,גלוברמן יהושע,0,99999,סביוני הכרמל,1,points_range_wordorder,2
יהושפט המלך,יהושפט המלך,0,99999,נוה דוד,1,points_range,14
יואב,יואב,0,99999,קריית אליעזר,1,points_range,31
יואל,יואל,0,99999,הדר מרכז,1,points_range,10
יובל,היובל,0,99999,כרמל צרפתי,4,points_range_alias,11
יוברט המפרי,יוברט המפרי,0,99999,עין הים,3,segment_majority,0.994
יודפת,יודפת,0,99999,"עיר תחתית מזרח, ואדי סאליב",1,points_range,12
יוחאי בן נון,יוחאי בן נון,0,99999,חוף הכרמל,3,segment_majority,0.891
יוחאי בן-נון,יוחאי בן-נון,0,99999,חוף הכרמל,1,points_range,1
יוחנן הסנדלר,יוחנן הסנדלר,0,99999,מכון טיהור,3,segment_majority,1.0
יוחנן הקדוש,יוחנן הקדוש,0,4,"שער פלמר, תחנת רכבת השמונה",1,points_range,3
יוחנן הקדוש,יוחנן הקדוש,5,99999,ואדי ניסנאס,1,points_range,28
יוחנן הקדוש,יוחנן הקדוש,0,99999,ואדי ניסנאס,2,points_street,29
יוחנן רטנר,יוחנן רטנר,0,99999,יזרעאליה,3,segment_majority,0.992
יוכבד,יוכבד,0,99999,"נעמ""ת",1,points_range,17
יוליוס סימון,יוליוס סימון,0,99999,אזור תעשיה מפרץ,1,points_range,16
יונה,יונה,0,99999,הרצליה,1,points_range,11
יונתן,יונתן,0,99999,בת גלים,1,points_range,6
יונתן הרדי,יונתן (ג'וני) הרדי,0,99999,"מרכז הקונגרסים, נאות פרס, יצחק נבון",3,segment_majority,1.0
יוסי בנאי,יוסי בנאי,0,99999,גבעת זמר,3,segment_majority,0.948
יוסיפון,יוסיפון,0,99999,קריית שמואל,1,points_range,8
יוסף,יוסף,0,99999,הדר מרכז,3,segment_majority,0.991
יוסף בוסל,בוסל יוסף,0,99999,קריית חיים מערבית,1,points_range_wordorder,68
יוסף וינר,וינר יוסף,0,99999,תל עמל,1,points_range_wordorder,15
יוסף לוי,לוי יוסף,0,99999,אזור תעשיה מפרץ,1,points_range_wordorder,21
יוסף קארו,יוסף קארו,0,99999,זיו,3,segment_majority,1.0
יוסף קושניר,קושניר יוסף,0,99999,רמת אלון,1,points_range_wordorder,4
יוסף שטרן,שטרן יוסף,0,99999,קריית שמואל,1,points_range_wordorder,12
יוסף שכטר,יוסף שכטר,0,99999,אחוזה,3,segment_majority,1.0
יוצק,היוצק,0,99999,אזור תעשיה מפרץ,4,points_range_alias,6
יותם,יותם,0,10,אחוזה,1,points_range,9
יותם,יותם,11,99999,שמבור,1,points_range,36
יותם,יותם,0,99999,שמבור,2,points_street,31
יחזקאל,יחזקאל,0,99999,רמות רמז,1,points_range,14
יחזקאל קויפמן,יחזקאל קויפמן,0,99999,רמת גולדה,3,segment_majority,0.982
יחיאל,יחיאל,0,99999,שוק תלפיות,1,points_range,15
יחיעם,יחיעם,0,99999,קריית שמואל,1,points_range,1
יינה,היינה,0,99999,מרכז הכרמל,4,points_range_alias,16
יינה הינריך,היינה הינריך,0,99999,אחוזה,7,legacy_table_alias,0
יינריך היינה,היינריך היינה,0,99999,מרכז הכרמל,6,segment_majority_alias,0.985
יל פרץ,י.ל. פרץ,0,99999,ואדי ניסנאס,3,segment_majority,0.977
ילג,"יל""ג",0,99999,"יל""ג",1,points_range,29
ילג דרומית,"יל""ג דרומית",0,99999,"יל""ג",1,points_range,2
ילג צפונית,"יל""ג צפונית",0,99999,"יל""ג",1,points_range,2
ילדי טהרן,ילדי טהרן,0,99999,סביוני הכרמל,1,points_range,8
ים התיכון,הים התיכון,0,99999,קריית שמואל,4,points_range_alias,1
ינדס מתתיהו,"הינדס, מתתיהו",0,99999,קריית אליעזר,6,segment_majority_alias,1.0
יסמין,היסמין,0,99999,רמת בגין,4,points_range_alias,9
יעל רום,יעל רום,0,99999,יצחק נבון,4,legacy_table,0
יעקב אורלנד,אורלנד יעקב,0,99999,סביוני הכרמל,1,points_range_wordorder,2
יעקב אזולאי,יעקב אזולאי,0,99999,רמת אלון,3,segment_majority,0.618
יעקב דורי,דרך יעקב דורי,0,99999,קריית הטכניון,3,segment_majority,0.725
יעקב חזן,חזן יעקב,0,21,נוה יוסף,1,points_range_wordorder,11
יעקב חזן,חזן יעקב,22,99999,"מורדות נו""ש",1,points_range_wordorder,5
יעקב טהון,טהון יעקב,0,99999,רמת גולדה,1,points_range_wordorder,2
יעקב כהן,יעקב כהן,0,99999,קריית חיים מזרחית,3,segment_majority,1.0
יעקב כספי,כספי יעקב,0,99999,בת גלים,1,points_range_wordorder,17
יעקב כץ,יעקב כץ,0,99999,קריית שמואל,3,segment_majority,1.0
יעקב משה מאלי,מאלי יעקב משה,0,99999,קריית שמואל,1,points_range_wordorder,1
יעקב משלי,יעקב משלי,0,99999,מכון טיהור,3,segment_majority,1.0
יעקב סלומון,סלומון יעקב,0,99999,"מורדות נו""ש",1,points_range_wordorder,13
יעקב קליבנוב,יעקב קליבנוב,0,99999,יזרעאליה,3,segment_majority,1.0
יעקב שחר,יעקב שחר,0,99999,"מרכז הקונגרסים, נאות פרס, יצחק נבון",3,segment_majority,1.0
יער הכרמליתים,יער הכרמליתים,0,99999,כרמל צרפתי,3,segment_majority,0.999
יערות,יערות,0,99999,אחוזה,1,points_range,37
יפה הלל,יפה הלל,0,99999,הדר מרכז,2,points_street,1
יפה ירקוני,יפה ירקוני,0,99999,גבעת זמר,3,segment_majority,1.0
יפה נוף,יפה נוף,0,43,כרמל צרפתי,1,points_range,37
יפה נוף,יפה נוף,44,59,עבאס,1,points_range,7
יפה נוף,יפה נוף,60,70,רמת התשבי,1,points_range,5
יפה נוף,יפה נוף,71,99999,כרמל מרכזי- שד' קיש,1,points_range,25
יפה נוף,יפה נוף,0,99999,רמת התשבי,2,points_street,27
יפו,יפו,0,86,"שער פלמר, תחנת רכבת השמונה",1,points_range,50
יפו,יפו,87,105,ואדי ניסנאס,1,points_range,15
יפו,יפו,106,127,מושבה גרמנית,1,points_range,12
יפו,יפו,128,99999,בת גלים,1,points_range,21
יפו,יפו,0,99999,"שער פלמר, תחנת רכבת השמונה",2,points_street,59
יפעה,יפעה,0,99999,"מרכז הקונגרסים, נאות פרס, יצחק נבון",1,points_range,2
יפתח,יפתח,0,99999,שמבור,1,points_range,3
יצחק,יצחק,0,99999,כבירים,1,points_range,18
יצחק אלחנן,אלחנן יצחק,0,99999,מרכז הכרמל,1,points_range_wordorder,24
יצחק בן צבי,בן צבי יצחק,0,99999,קריית חיים מזרחית,1,points_range_wordorder,60
יצחק גץ,גץ יצחק,0,99999,קריית שמואל,1,points_range_wordorder,4
יצחק יציב,יציב יצחק,0,99999,קריית חיים מזרחית,1,points_range_wordorder,69
יצחק רובינשטיין,יצחק רובינשטיין,0,99999,הוד הכרמל,3,segment_majority,1.0
יצחק שדה,שדה יצחק,0,42,קריית אליהו,1,points_range_wordorder,32
יצחק שדה,שדה יצחק,43,99999,מושבה גרמנית,1,points_range_wordorder,5
יצחק שפירה,כיכר יצחק שפירה,0,99999,אחוזה,3,segment_majority,0.804
יציאת אירופה,יציאת אירופה,0,99999,קריית שפרינצק,1,points_range,16
יציב יצחק,יציב יצחק,0,99999,קריית חיים מזרחית,1,points_range,69
יצירה,היצירה,0,99999,אזור תעשיה מפרץ,4,points_range_alias,4
יקוט,יקוט,0,99999,ואדי ניסנאס,1,points_range,14
יקותיאל בהרב,בהרב יקותיאל,0,99999,אזור תעשיה מפרץ,1,points_range_wordorder,22
יקינטון,יקינטון,0,99999,אחוזה,3,segment_majority,0.729
יקינתון,יקינתון,0,62,אחוזה,1,points_range,37
יקינתון,יקינתון,63,99999,רמת אלמוגי,1,points_range,7
יקינתון,יקינתון,0,99999,אחוזה,2,points_street,37
ירדן,הירדן,0,26,חליסה,4,points_range_alias,16
ירדן,הירדן,27,99999,תל עמל,4,points_range_alias,23
ירדן,הירדן,0,99999,תל עמל,5,points_street_alias,23
ירדנה ארזי,ירדנה ארזי,0,99999,גבעת זמר,3,segment_majority,1.0
ירדנה כהן,ירדנה כהן,0,99999,יצחק נבון,4,legacy_table,0
ירוק,הירוק,0,11,מושבה גרמנית,4,points_range_alias,6
ירוק,הירוק,12,99999,עבאס,4,points_range_alias,5
ירוק,הירוק,0,99999,עבאס,5,points_street_alias,7
ירושלים,ירושלים,0,99999,הדר מרכז,3,segment_majority,0.937
ירושלמי אליעזר דר,"ירושלמי אליעזר ד""ר",0,99999,נוה יוסף,1,points_range,2
ירושלמי דר אליעזר,"ירושלמי אליעזר ד""ר",0,99999,נוה יוסף,1,points_range_wordorder,2
ירמוך,הירמוך,0,99999,"עיר תחתית מזרח, ואדי סאליב",4,points_range_alias,7
ירמיהו הלפרין,ירמיהו הלפרין,0,99999,עין הים,3,segment_majority,1.0
ירקון,הירקון,0,99999,שמבור,4,points_range_alias,44
ישורון,ישורון,0,99999,מרכז הכרמל,1,points_range,4
ישיבה,הישיבה,0,99999,קריית שמואל,4,points_range_alias,4
ישעיהו,ישעיהו,0,99999,כרמל צרפתי,1,points_range,21
ישעיהו שווגר,ישעיהו שווגר,0,99999,"מרכז הקונגרסים, נאות פרס, יצחק נבון",3,segment_majority,1.0
ישראל עמיקם,עמיקם ישראל,0,99999,כבירים,1,points_range_wordorder,9
ישראלי בן ציון,ישראלי בן ציון,0,99999,קריית חיים מערבית,1,points_range,69
יששכר,יששכר,0,99999,קריית שמואל,3,segment_majority,1.0
כאהן יעקב,כאהן יעקב,0,99999,קריית חיים מזרחית,1,points_range,6
כבירים,כבירים,0,32,כבירים,1,points_range,27
כבירים,כבירים,33,99999,כבאביר,1,points_range,34
כבירים,כבירים,0,99999,כבאביר,2,points_street,36
כביש החוף,כביש החוף,0,99999,"מת""ם",3,segment_majority,0.997
כביש חיפה רעננה,כביש חיפה רעננה,0,99999,"מת""ם",3,segment_majority,0.501
כברי,כברי,0,99999,קריית חיים מערבית,1,points_range,5
כגן רחל,כגן רחל,0,99999,רמת גולדה,1,points_range,9
כהן ברוך,כהן ברוך,0,99999,שער העלייה,1,points_range,12
כהן פנחס,כהן פנחס,0,99999,רמת בגין,3,segment_majority,1.0
כורי,כורי,0,9,הדר מרכז,1,points_range,5
כורי,כורי,10,99999,ואדי ניסנאס,1,points_range,24
כורי,כורי,0,99999,ואדי ניסנאס,2,points_street,24
כורש,כורש,0,99999,הדר עליון,1,points_range,7
כט ראובן,"כיכר הכט, ראובן",0,99999,כרמל צרפתי,6,segment_majority_alias,1.0
כטיב,כטיב,0,99999,"שער פלמר, תחנת רכבת השמונה",3,segment_majority,0.634
כיאט,כיאט,0,99999,"שער פלמר, תחנת רכבת השמונה",1,points_range,8
ככ ספקטור,ככ' ספקטור,0,99999,שמבור,3,segment_majority,1.0
כל ישראל חברים,כל ישראל חברים,0,99999,רמת שאול,1,points_range,22
כליל החורש,כליל החורש,0,99999,ורדיה,1,points_range,8
כלניות,כלניות,0,99999,כבירים,1,points_range,12
כלפון,כלפון,0,99999,קריית אליעזר,3,segment_majority,1.0
כלפון הרב,כלפון הרב,0,99999,קריית אליעזר,1,points_range,11
כנרת,כנרת,0,99999,הדר עליון,1,points_range,11
כספי יעקב,כספי יעקב,0,99999,בת גלים,1,points_range,17
כספרי,"כספרי (ד""ר יואכים)",0,99999,"נעמ""ת",3,segment_majority,1.0
כספרי דר,"כספרי ד""ר",0,99999,"נעמ""ת",1,points_range,23
כץ יאיר,"כ""ץ יאיר",0,99999,כרמל מרכזי- שד' קיש,1,points_range,10
כץ יעקב הרב,"כ""ץ יעקב הרב",0,99999,קריית שמואל,4,legacy_table,0
כצמן משה,כצמן משה,0,99999,נוה יוסף,1,points_range,3
כרוך אריה,כרוך אריה,0,99999,רמת בגין,1,points_range,4
כרמי,כרמי,0,99999,רוממה,1,points_range,7
כרמיה,כרמיה,0,99999,קריית שפרינצק,1,points_range,19
כרמים,הכרמים,0,99999,הדר מרכז,7,legacy_table_alias,0
כרמל צרפתי,כרמל צרפתי,0,99999,קריית שפרינצק,3,segment_majority,1.0
כשרת היישוב,הכשרת היישוב,0,99999,סביוני הכרמל,4,points_range_alias,16
כשרת הישוב,הכשרת הישוב,0,99999,סביוני הכרמל,6,segment_majority_alias,1.0
לאה,לאה,0,99999,כרמליה,1,points_range,52
לאה גולדברג,גולדברג לאה,0,99999,הוד הכרמל,1,points_range_wordorder,3
לאון בלום,בלום לאון,0,42,רמת הדר,1,points_range_wordorder,31
לאון בלום,בלום לאון,43,99999,המיימוני,1,points_range_wordorder,9
לאונרדו דה וינצי,לאונרדו דה וינצי,0,99999,רמת התשבי,1,points_range,11
לבון פנחס,לבון פנחס,0,99999,הוד הכרמל,1,points_range,6
לבונה,לבונה,0,99999,כבאביר,1,points_range,8
לבונטין,לבונטין,0,99999,הרצליה,1,points_range,27
לביא שלמה,לביא שלמה,0,99999,קריית חיים מזרחית,1,points_range,8
לבנון ישראל,לבנון ישראל,0,99999,קריית שמואל,1,points_range,4
לברי מרק,לברי מרק,0,99999,המיימוני,1,points_range,1
לו,"ל""ו",0,99999,קריית חיים מערבית,3,segment_majority,1.0
לואי,טיילת לואי,0,99999,רמת התשבי,3,segment_majority,1.0
לואי פסטר,פסטר לואי,0,99999,רמת שאול,1,points_range_wordorder,14
לובה,אליאב אריה (לובה),0,99999,נוה שאנן,7,legacy_table_alias,0
לוד,לוד,0,99999,שוק תלפיות,1,points_range,7
לוחמי הגטאות,לוחמי הגטאות,0,99999,מושבה גרמנית,1,points_range,38
לוחמי חרות ישראל,לוחמי חרות ישראל,0,99999,קריית הטכניון,2,points_street,1
לוטוס,לוטוס,0,12,מרכז הכרמל,1,points_range,10
לוטוס,לוטוס,13,20,כרמליה,1,points_range,7
לוטוס,לוטוס,21,99999,מרכז הכרמל,1,points_range,3
לוטוס,לוטוס,0,99999,מרכז הכרמל,2,points_street,10
לוטם,שדרות הלוטם,0,99999,יצחק נבון,7,legacy_table_alias,0
לוי יוסף,לוי יוסף,0,99999,אזור תעשיה מפרץ,1,points_range,21
לוי יצחק,לוי יצחק,0,99999,קריית שמואל,1,points_range,4
לוין אריה הרב,לוין אריה הרב,0,99999,קריית שמואל,1,points_range,11
לוין גוטל,לוין גוטל,0,99999,רמת ספיר,1,points_range,32
לולב,נתיב הלולב,0,99999,קריית שמואל,4,points_range_alias,2
לונץ,לונץ,0,99999,שוק תלפיות,1,points_range,6
לוץ שרל,לוץ שרל,0,99999,בת גלים,1,points_range,25
לוצאטו,מדרגות לוצאטו,0,99999,המיימוני,3,segment_majority,0.758
לזרוס אמה,לזרוס אמה,0,99999,רמת גולדה,1,points_range,3
לח,"ל""ח",0,99999,קריית חיים מערבית,3,segment_majority,1.0
ליאון שטיין,שטיין ליאון,0,99999,מכון טיהור,1,points_range_wordorder,4
ליאונרדו דה וינצי,ליאונרדו דה וינצ'י,0,99999,רמת התשבי,3,segment_majority,1.0
ליאור ייני,ליאור ייני,0,99999,גבעת זמר,3,segment_majority,0.899
ליבנה,הליבנה,0,99999,שער העלייה,4,points_range_alias,7
ליבריה,ליבריה,0,99999,הוד הכרמל,1,points_range,42
ליויק,ליויק,0,99999,קריית חיים מערבית,1,points_range,4
ליטאניס,ליטאניס,0,99999,שמבור,1,points_range,14
ליטניס,ליטניס,0,99999,אחוזה,4,legacy_table,0
לייב יפה,לייב יפה,0,99999,קריית חיים מזרחית,1,points_range,10
לייב שימעוני,לייב שימעוני,0,99999,נוה שאנן,3,segment_majority,1.0
לילך,הלילך,0,99999,כבירים,4,points_range_alias,12
לינדנשטראוס,לינדנשטראוס,0,99999,הוד הכרמל,3,segment_majority,1.0
לינדנשטראוס אהרון,לינדנשטראוס אהרון,0,99999,הוד הכרמל,1,points_range,5
לינקולן,לינקולן,0,99999,אחוזה,3,segment_majority,1.0
לינקולן אברהם,לינקולן אברהם,0,99999,אחוזה,1,points_range,10
ליפשיץ יוסף,ליפשיץ יוסף,0,99999,"שער פלמר, תחנת רכבת השמונה",2,points_street,1
לכיש,לכיש,0,99999,אחוזה,1,points_range,7
לל יפה,הלל יפה,0,99999,הדר מרכז,6,segment_majority_alias,0.704
לני,"לנ""י",0,99999,הוד הכרמל,1,points_range,6
לניאדו,לניאדו,0,99999,קריית חיים מזרחית,3,segment_majority,1.0
לסין אברהם,לסין אברהם,0,99999,קריית אליעזר,1,points_range,5
לסקוב חיים,"לסקוב, חיים (רא""ל)",0,99999,רמת גולדה,3,segment_majority,1.0
לסקוב חיים ראל,"לסקוב חיים רא""ל",0,99999,רמת גולדה,1,points_range,36
לפרן ירמיהו,הלפרן ירמיהו,0,99999,עין הים,4,points_range_alias,2
לשם,לשם,0,99999,"צומת הקריות, חוף שמן",3,segment_majority,1.0
מא,"מ""א",0,99999,קריית חיים מערבית,3,segment_majority,1.0
מאי,מאי,0,99999,ואדי ניסנאס,1,points_range,3
מאיר אוריין,מאיר אוריין,0,99999,מושבה גרמנית,3,segment_majority,1.0
מאיר גולדה,מאיר גולדה,0,99999,רמת גולדה,1,points_range,27
מאיר זורע,מאיר זורע,0,99999,חוף הכרמל,3,segment_majority,0.571
מאיר יערי,מאיר יערי,0,99999,רמות רמז,3,segment_majority,0.587
מאיר רוטברג,מאיר רוטברג,0,99999,מושבה גרמנית,3,segment_majority,0.944
מאירהוף,מאירהוף,0,99999,קריית אליעזר,1,points_range,6
מאירוביץ צבי,"מאירוביץ, צבי",0,99999,נוה שאנן,3,segment_majority,1.0
מאירי אביגדור,המאירי אביגדור,0,99999,רמת שאול,4,points_range_alias,10
מאלי יעקב משה,מאלי יעקב משה,0,99999,קריית שמואל,1,points_range,1
מאפו,מאפו,0,99999,אחוזה,1,points_range,14
מאציני,מאציני,0,99999,הוד הכרמל,1,points_range,12
מבוא חיפה,מבוא חיפה,0,99999,"ציר חוף כרמל - מת""מ",4,legacy_table,0
מבוא כרמל,מבוא כרמל,0,99999,"צומת הקריות, חוף שמן",3,segment_majority,0.549
מבצע יונתן,מבצע יונתן,0,99999,רוממה,1,points_range,11
מבצע קדש,מבצע קדש,0,99999,קריית חיים מזרחית,1,points_range,17
מבצר ראשמיה,מבצר ראשמיה,0,99999,רוממה,3,segment_majority,1.0
מגדל אור,מגדל אור,0,99999,אזור תעשיה מפרץ,4,legacy_table,0
מגורשי ספרד,מגורשי ספרד,0,99999,בתי עלמין,3,segment_majority,0.764
מגידו,מגידו,0,99999,מרכז הכרמל,1,points_range,11
מגינים,המגינים,0,64,"שער פלמר, תחנת רכבת השמונה",4,points_range_alias,39
מגינים,המגינים,65,84,ואדי ניסנאס,4,points_range_alias,8
מגינים,המגינים,85,121,מושבה גרמנית,4,points_range_alias,22
מגינים,המגינים,122,99999,קריית אליהו,4,points_range_alias,14
מגינים,המגינים,0,99999,"שער פלמר, תחנת רכבת השמונה",5,points_street_alias,43
מד בת שבע,מד' בת שבע,0,99999,כרמליה,3,segment_majority,1.0
מד גדרה,מד גדרה,0,99999,כרמל מרכזי- שד' קיש,1,points_range,1
מד גובראן סלים,"מד' ג'ובראן, סלים",0,99999,"עיר תחתית מזרח, ואדי סאליב",3,segment_majority,1.0
מד דור,מד דור,0,99999,ואדי ניסנאס,1,points_range,3
מד המעלות,מד' המעלות,0,99999,תל עמל,3,segment_majority,0.903
מד הנביאים,מד הנביאים,0,10,ואדי ניסנאס,1,points_range,6
מד הנביאים,מד הנביאים,11,99999,הדר מרכז,1,points_range,5
מד הנביאים,מד הנביאים,0,99999,הדר מרכז,2,points_street,7
מד זרובבל,מד' זרובבל,0,99999,שמבור,3,segment_majority,1.0
מד חגית,מד' חגית,0,99999,כרמליה,3,segment_majority,1.0
מד יעל,מד' יעל,0,99999,קריית אליעזר,3,segment_majority,1.0
מד מעלה הדקר,מד' מעלה הדקר,0,99999,קריית אליעזר,3,segment_majority,1.0
מד מרים,מד' מרים,0,99999,כרמליה,3,segment_majority,1.0
מד ראהבת,מד' ראהבת,0,99999,ואדי ניסנאס,3,segment_majority,0.995
מדרון ואדי עלייה,מדרון ואדי עלייה,0,99999,כרמל צרפתי,3,segment_majority,0.929
מו,"מ""ו",0,99999,קריית חיים מערבית,3,segment_majority,1.0
מוהליבר,מוהליבר,0,99999,קריית שמואל,1,points_range,14
מוכתר צבי,המוכתר צבי,0,99999,תל עמל,6,segment_majority_alias,1.0
מולדת,המולדת,0,99999,קריית שמואל,5,points_street_alias,1
מונטיפיורי,מונטיפיורי,0,99999,הדר עליון,1,points_range,10
מונש,סמטת מונש,0,99999,בת גלים,3,segment_majority,1.0
מוסול,מוסול,0,99999,עבאס,1,points_range,3
מוסכים,המוסכים,0,99999,מכון טיהור,4,points_range_alias,16
מור,מור,0,99999,כבאביר,1,points_range,10
מורג,מורג,0,99999,"צומת הקריות, חוף שמן",3,segment_majority,0.565
מורדות אחוזה,מורדות אחוזה,0,99999,אחוזה,3,segment_majority,1.0
מורדות אשכול,מורדות אשכול,0,99999,רמת אשכול,3,segment_majority,1.0
מורדות כבביר,מורדות כבביר,0,99999,נוה דוד,3,segment_majority,0.767
מורדות כרמליה,מורדות כרמליה,0,99999,בתי עלמין,3,segment_majority,0.575
מורדות נווה שאנן,מורדות נווה שאנן,0,99999,"מורדות נו""ש",3,segment_majority,0.962
מוריה,מוריה,0,55,מרכז הכרמל,1,points_range,45
מוריה,מוריה,56,110,שמבור,1,points_range,50
מוריה,מוריה,111,99999,אחוזה,1,points_range,21
מוריה,מוריה,0,99999,שמבור,2,points_street,74
מורן,מורן,0,99999,ורדיה,1,points_range,7
מושלי יעקב,מושלי יעקב,0,99999,מכון טיהור,1,points_range,2
מושקא חיה,מושקא חיה,0,99999,קריית שמואל,1,points_range,3
מחל,"מח""ל",0,99999,קריית חיים מערבית,1,points_range,17
מחניים,מחניים,0,99999,מרכז הכרמל,1,points_range,3
מחנך נפחא,המחנך נפחא,0,99999,נוה יוסף,4,points_range_alias,7
מט,"מ""ט",0,99999,קריית חיים מערבית,3,segment_majority,1.0
מטמון,מטמון,0,99999,"שער פלמר, תחנת רכבת השמונה",3,segment_majority,1.0
מטרונית,מטרונית,0,99999,"צומת הקריות, חוף שמן",3,segment_majority,0.146
מטרונית קו כחול,מטרונית קו כחול,0,99999,קריית חיים מזרחית,3,segment_majority,1.0
מייבלום דורון,מייבלום דורון,0,99999,אחוזה,1,points_range,2
מיימון,מיימון,0,99999,נוה שאנן,3,segment_majority,1.0
מיימוני,המיימוני,0,99999,המיימוני,6,segment_majority_alias,0.976
מייק ברנט,מייק ברנט,0,99999,קריית אליעזר,3,segment_majority,1.0
מיכאל,מיכאל,0,39,"יל""ג",1,points_range,30
מיכאל,מיכאל,40,99999,רמת ויז'ניץ,1,points_range,18
מיכאל,מיכאל,0,99999,גאולה,2,points_street,25
מיכאל קשטן,קשטן מיכאל,0,99999,סביוני הכרמל,1,points_range_wordorder,3
מיכל,"מיכ""ל (המשורר)",0,99999,אחוזה,3,segment_majority,1.0
מיכל המשורר,"מיכ""ל המשורר",0,99999,אחוזה,1,points_range,7
מילה ברנר,כיכר מילה ברנר,0,99999,כרמל מערבי,3,segment_majority,0.753
מילכה,מילכה,0,99999,"עיר תחתית מזרח, ואדי סאליב",3,segment_majority,1.0
מילסון,מילסון,0,99999,בת גלים,3,segment_majority,1.0
מילר נחום,מילר נחום,0,99999,"עיר תחתית מזרח, ואדי סאליב",4,legacy_table,0
מים,המים,0,99999,מרכז הכרמל,4,points_range_alias,3
מימון הרב,מימון הרב,0,99999,נוה שאנן,1,points_range,40
מימוני,המימוני,0,99999,המיימוני,4,points_range_alias,1
מינה בן-צבי,כיכר מינה בן-צבי,0,99999,כבירים,3,segment_majority,0.577
מירון,מירון,0,99999,הדר עליון,1,points_range,3
מכליס,משה אהרון (מכליס),0,99999,"שער פלמר, תחנת רכבת השמונה",6,segment_majority_alias,1.0
מכליס משה אהרון,מכליס משה אהרון,0,99999,"שער פלמר, תחנת רכבת השמונה",1,points_range,9
מכס,המכס,0,99999,בת גלים,4,points_range_alias,8
מל בר יוחאי,מל' בר יוחאי,0,99999,מרכז הכרמל,3,segment_majority,1.0
מלאכה,המלאכה,0,99999,"צומת הקריות, חוף שמן",4,points_range_alias,13
מלך אמציהו,המלך אמציהו,0,99999,נוה דוד,6,segment_majority_alias,0.997
מלך אסא,המלך אסא,0,99999,נוה דוד,6,segment_majority_alias,1.0
מלך דוד,המלך דוד,0,99999,נוה דוד,6,segment_majority_alias,0.961
מלך חזקיהו,המלך חזקיהו,0,99999,נוה דוד,6,segment_majority_alias,1.0
מלך יהואש,המלך יהואש,0,99999,נוה דוד,6,segment_majority_alias,1.0
מלך יהושפט,המלך יהושפט,0,99999,נוה דוד,6,segment_majority_alias,1.0
מלך עוזיהו,המלך עוזיהו,0,99999,נוה דוד,6,segment_majority_alias,1.0
מלך שאול,המלך שאול,0,99999,נוה דוד,6,segment_majority_alias,1.0
מלל,"מל""ל",0,99999,זיו,1,points_range,7
מלצט,מלצ'ט,0,99999,הדר מרכז,1,points_range,10
ממון,ממון,0,99999,"שער פלמר, תחנת רכבת השמונה",3,segment_majority,1.0
מנגר איציק,מנגר איציק,0,99999,קריית חיים מערבית,1,points_range,36
מנדל זינגר,זינגר מנדל,0,99999,סביוני הכרמל,1,points_range_wordorder,10
מנדלי מוכר ספרים,מנדלי מוכר ספרים,0,99999,זיו,1,points_range,14
מנהרות הכרמל,מנהרות הכרמל,0,99999,יזרעאליה,3,segment_majority,0.189
מנחם,מנחם,0,3,שוק תלפיות,1,points_range,3
מנחם,מנחם,4,99999,הדר מרכז,1,points_range,3
מנחם,מנחם,0,99999,הדר מרכז,2,points_street,4
מנחם סבידור,מנחם סבידור,0,99999,רמת אשכול,3,segment_majority,1.0
מנילה,מנילה,0,99999,הוד הכרמל,2,points_street,1
מנצור,מנצור,0,99999,ואדי ניסנאס,1,points_range,10
מסגר,המסגר,0,99999,אזור תעשיה מפרץ,4,points_range_alias,22
מסדה,מסדה,0,99999,מסדה,1,points_range,42
מסורת,המסורת,0,99999,קריית שמואל,4,points_range_alias,6
מסילה,המסילה,0,99999,"צומת הקריות, חוף שמן",7,legacy_table_alias,0
מסילת הברזל,מסילת הברזל,0,99999,בת גלים,1,points_range,1
מסילת ישרים,מסילת ישרים,0,99999,בתי עלמין,3,segment_majority,1.0
מעבר ליפה נוף,מעבר ליפה נוף,0,99999,רמת התשבי,3,segment_majority,1.0
מעברות,מעברות,0,99999,שמבור,1,points_range,7
מעין,מעין,0,99999,מרכז הכרמל,1,points_range,9
מעלות האומן,מעלות האומן,0,99999,הדר מרכז,4,legacy_table,0
מעלות הבוצרים,מעלות הבוצרים,0,99999,מרכז הכרמל,1,points_range,8
מעלות הנביאים,מעלות הנביאים,0,99999,הדר מרכז,3,segment_majority,1.0
מעפילי קפריסין,ככר מעפילי קפריסין,0,99999,קריית שפרינצק,3,segment_majority,1.0
מעפילים,המעפילים,0,99999,קריית אליעזר,4,points_range_alias,21
מערות,המערות,0,99999,כבירים,4,points_range_alias,4
מערת קשת עובדיה,מערת קשת עובדיה,0,99999,רמת בגין,3,segment_majority,1.0
מפוח,המפוח,0,99999,אזור תעשיה מפרץ,6,segment_majority_alias,1.0
מפרי יוברט,המפרי יוברט,0,99999,עין הים,7,legacy_table_alias,0
מפרץ,נתיב המפרץ,0,99999,אזור תעשיה מפרץ,7,legacy_table_alias,0
מפרש,המפרש,0,99999,"מת""ם",6,segment_majority_alias,1.0
מצובה,מצובה,0,99999,קריית חיים מערבית,3,segment_majority,1.0
מצפה,מצפה,0,99999,נוה שאנן,1,points_range,21
מקור ברוך,מקור ברוך,0,99999,רמת ויז'ניץ,1,points_range,13
מקלף מרדכי ראל,"מקלף מרדכי רא""ל",0,99999,"צומת הקריות, חוף שמן",1,points_range,33
מרגולין,מרגולין,0,99999,בת גלים,3,segment_majority,1.0
מרגולין פנחס,מרגולין פנחס,0,99999,בת גלים,4,legacy_table,0
מרגלית,מרגלית,0,99999,שמבור,1,points_range,50
מרדכי אנילביץ,אנילביץ מרדכי,0,99999,מושבה גרמנית,1,points_range_wordorder,20
מרדכי מקלף,מרדכי מקלף,0,99999,"צומת הקריות, חוף שמן",3,segment_majority,1.0
מרווה,מרווה,0,99999,אחוזה,1,points_range,2
מרוניטים,המרוניטים,0,17,"שער פלמר, תחנת רכבת השמונה",4,points_range_alias,15
מרוניטים,המרוניטים,18,99999,ואדי ניסנאס,4,points_range_alias,3
מרוניטים,המרוניטים,0,99999,"שער פלמר, תחנת רכבת השמונה",5,points_street_alias,15
מרחביה,מרחביה,0,99999,"עיר תחתית מזרח, ואדי סאליב",1,points_range,4
מרטין בובר,בובר מרטין,0,99999,רמת בן גוריון,1,points_range_wordorder,18
מרכוס דוד,מרכוס דוד,0,99999,כרמל צרפתי,1,points_range,15
מרכוס הרב,הרב מרכוס,0,99999,שוק תלפיות,3,segment_majority_wordorder,0.656
מרכז הכרמל,מרכז הכרמל,0,99999,מרכז הכרמל,3,segment_majority,1.0
מרסיי,מרסיי,0,99999,קריית שפרינצק,1,points_range,12
מרק לברי,לברי מרק,0,99999,המיימוני,1,points_range_wordorder,1
מרק שגאל,מרק שגאל,0,99999,רמת אשכול,3,segment_majority,1.0
מרקוני,מרקוני,0,99999,"צומת הקריות, חוף שמן",3,segment_majority,1.0
מרקוני גוליאלמו,מרקוני גוליאלמו,0,99999,"צומת הקריות, חוף שמן",1,points_range,16
מש יעקב ברגמן,מש' יעקב ברגמן,0,99999,יזרעאליה,3,segment_majority,1.0
משאש הרב,משאש הרב,0,99999,נוה יוסף,1,points_range,4
משביר,המשביר,0,99999,"צומת הקריות, חוף שמן",4,points_range_alias,10
משה אהרון,משה אהרון (מכליס),0,99999,"שער פלמר, תחנת רכבת השמונה",3,segment_majority,1.0
משה גוט לווין,משה גוט לווין,0,99999,רמת ספיר,3,segment_majority,1.0
משה גוטל לוין,משה גוטל לוין,0,99999,רמת ספיר,3,segment_majority,0.988
משה דיין,דיין משה,0,99999,אזור תעשיה מפרץ,1,points_range_wordorder,5
משה חיים שפירא,משה חיים שפירא,0,99999,קריית שמואל,1,points_range,35
משה סורוקה,סורוקה משה,0,99999,רמת בגין,1,points_range_wordorder,46
משה סנה,סנה משה,0,99999,הוד הכרמל,1,points_range_wordorder,34
משה פלימן,פלימן משה,0,99999,"מרכז הקונגרסים, נאות פרס, יצחק נבון",1,points_range_wordorder,3
משה שרת,שרת משה,0,99999,קריית חיים מזרחית,1,points_range_wordorder,70
משורר,"מיכ""ל (המשורר)",0,99999,אחוזה,6,segment_majority_alias,1.0
משטרה,המשטרה,0,99999,בת גלים,6,segment_majority_alias,1.0
משמר הגבול,משמר הגבול,0,99999,רוממה,1,points_range,11
משמר העמק,משמר העמק,0,99999,קריית חיים מערבית,1,points_range,22
מתנדבים,שד' המתנדבים,0,99999,בת גלים,6,segment_majority_alias,1.0
נא,"נ""א",0,99999,קריית חיים מערבית,3,segment_majority,1.0
נאות פרס,נאות פרס,0,99999,"מרכז הקונגרסים, נאות פרס, יצחק נבון",3,segment_majority,1.0
נאמנים,נאמנים,0,99999,"שער פלמר, תחנת רכבת השמונה",1,points_range,23
נב,"נ""ב",0,99999,קריית חיים מערבית,3,segment_majority,1.0
נביאים,הנביאים,0,21,הדר מרכז,4,points_range_alias,20
נביאים,הנביאים,22,99999,הרצליה,4,points_range_alias,11
נביאים,הנביאים,0,99999,הדר מרכז,5,points_street_alias,20
נגב,הנגב,0,99999,רמת ויז'ניץ,4,points_range_alias,6
נגיד,הנגיד,0,99999,"עיר תחתית מזרח, ואדי סאליב",6,segment_majority_alias,1.0
נד,"נ""ד",0,99999,קריית חיים מערבית,3,segment_majority,1.0
נדב,נדב (יצחק),0,99999,רמת שאול,3,segment_majority,1.0
נדב יצחק,נדב יצחק,0,99999,רמת שאול,1,points_range,2
נדיב,הנדיב,0,99999,שמבור,4,points_range_alias,18
נהון יצחק,נהון יצחק,0,99999,הרצליה,2,points_street,1
נהלל,נהלל,0,99999,בת גלים,1,points_range,14
נהריים,נהריים,0,99999,"צומת הקריות, חוף שמן",3,segment_majority,1.0
נו,"נ""ו",0,99999,קריית חיים מערבית,3,segment_majority,1.0
נוגה,נוגה,0,99999,כרמליה,1,points_range,14
נוה גנים,נוה גנים,0,99999,נוה פז,1,points_range,2
נווה גנים,נווה גנים,0,99999,נוה פז,1,points_range,8
נוטר,הנוטר,0,99999,קריית חיים מזרחית,4,points_range_alias,76
נוי,נוי,0,99999,"מרכז הקונגרסים, נאות פרס, יצחק נבון",1,points_range,10
נועה,נועה,0,99999,"יל""ג",4,legacy_table,0
נועם,נועם,0,99999,"מרכז הקונגרסים, נאות פרס, יצחק נבון",1,points_range,1
נוף עובדיה,דרך נוף עובדיה,0,99999,הוד הכרמל,3,segment_majority,0.857
נופר,הנופר,0,99999,אזור תעשיה מפרץ,4,points_range_alias,3
נורדאו,נורדאו,0,99999,שוק תלפיות,1,points_range,30
נורווגיה,נורווגיה,0,99999,הוד הכרמל,1,points_range,8
נורית,נורית,0,99999,ורדיה,1,points_range,45
נחום ארמן,נחום ארמן,0,99999,אזור תעשיה מפרץ,3,segment_majority,1.0
נחום דוברין,דוברין נחום,0,99999,"שער פלמר, תחנת רכבת השמונה",1,points_range_wordorder,7
נחום וילבוש,וילבוש נחום,0,99999,"צומת הקריות, חוף שמן",1,points_range_wordorder,4
נחום חת,חת נחום,0,99999,"מת""ם",1,points_range_wordorder,4
נחל,"נח""ל",0,99999,קריית אליעזר,3,segment_majority,1.0
נחל גיבורים,נחל גיבורים,0,99999,יזרעאליה,3,segment_majority,0.33
נחל הגיבורים,נחל הגיבורים,0,99999,"עיר תחתית מזרח, ואדי סאליב",4,legacy_table,0
נחל נדר,נחל נדר,0,99999,הוד הכרמל,3,segment_majority,1.0
נחל עמיק,נחל עמיק,0,99999,כרמל מערבי,3,segment_majority,0.547
נחל שיח,נחל שיח,0,99999,כרמליה,3,segment_majority,0.827
נחליאלי,נחליאלי,0,99999,בת גלים,1,points_range,11
נחמיאס,נחמיאס,0,99999,נוה שאנן,3,segment_majority,1.0
נחמיאס יוסף,נחמיאס יוסף,0,99999,נוה שאנן,1,points_range,2
נחמיה,נחמיה,0,99999,נוה שאנן,1,points_range,28
נחשון,נחשון,0,99999,שמבור,1,points_range,11
נט,"נ""ט",0,99999,קריית חיים מערבית,3,segment_majority,1.0
נטקה,הנטקה,0,99999,אחוזה,4,points_range_alias,43
ניוטון אייזיק,ניוטון אייזיק,0,99999,אזור תעשיה מפרץ,1,points_range,4
נילי,"ניל""י",0,99999,קריית אליעזר,3,segment_majority,1.0
ניסים יצחק הרב,ניסים יצחק הרב,0,99999,קריית שמואל,1,points_range,7
ניסנבוים,ניסנבוים,0,99999,יזרעאליה,1,points_range,12
ניצנים,ניצנים,0,99999,כבירים,1,points_range,14
נמל,הנמל,0,99999,"שער פלמר, תחנת רכבת השמונה",4,points_range_alias,25
נמרי דוד,נמרי דוד,0,99999,נוה פז,1,points_range,2
נעמי,נעמי,0,99999,כרמליה,1,points_range,26
נעמי שמר,נעמי שמר,0,99999,גבעת זמר,3,segment_majority,1.0
נעמת,"נעמ""ת",0,99999,"נעמ""ת",1,points_range,21
נפח,הנפח,0,99999,"צומת הקריות, חוף שמן",4,points_range_alias,19
נפתלי-אימבר,נפתלי-אימבר,0,99999,שוק תלפיות,3,segment_majority,0.911
נציב,"הנצי""ב",0,99999,קריית שמואל,4,points_range_alias,26
נרייטה סולד,הנרייטה סולד,0,99999,כרמל מרכזי- שד' קיש,6,segment_majority_alias,1.0
נרקיסים,הנרקיסים,0,99999,כרמל מערבי,4,points_range_alias,6
נשיא,הנשיא,0,3,כרמל צרפתי,4,points_range_alias,3
נשיא,הנשיא,4,114,רמת התשבי,4,points_range_alias,90
נשיא,הנשיא,115,99999,מרכז הכרמל,4,points_range_alias,21
נשיא,הנשיא,0,99999,רמת התשבי,5,points_street_alias,119
נשיא טרומן,שדרות הנשיא טרומן,0,99999,קריית חיים מערבית,6,segment_majority_alias,1.0
נשר,הנשר,0,99999,כבירים,4,points_range_alias,7
נת אליעזר,נת' אליעזר,0,99999,רמת ויז'ניץ,3,segment_majority,1.0
נת יוסף ליפשיץ,נת' יוסף ליפשיץ,0,99999,"שער פלמר, תחנת רכבת השמונה",3,segment_majority,1.0
נתיבי המפרץ,נתיבי המפרץ,0,99999,פארק הקישון,3,segment_majority,0.408
נתן אלבז,אלבז נתן,0,99999,"עיר תחתית מזרח, ואדי סאליב",1,points_range_wordorder,1
נתן אלתרמן,אלתרמן נתן,0,99999,רמת בגין,1,points_range_wordorder,9
נתן קיזרמן,קיזרמן נתן,0,99999,"שער פלמר, תחנת רכבת השמונה",1,points_range_wordorder,10
נתנזון,נתנזון,0,21,"שער פלמר, תחנת רכבת השמונה",1,points_range,17
נתנזון,נתנזון,22,99999,"קריית הממשלה ע""ש רבין",1,points_range,3
נתנזון,נתנזון,0,99999,"שער פלמר, תחנת רכבת השמונה",2,points_street,17
סא,"ס""א",0,99999,קריית חיים מערבית,3,segment_majority,1.0
סביונים,הסביונים,0,99999,כרמל מרכזי- שד' קיש,4,points_range_alias,5
סג,"ס""ג",0,99999,קריית חיים מערבית,3,segment_majority,1.0
סגליות,סגליות,0,99999,כבירים,1,points_range,3
סדנה,הסדנה,0,99999,"צומת הקריות, חוף שמן",4,points_range_alias,5
סה,"ס""ה",0,99999,קריית חיים מערבית,3,segment_majority,1.0
סוטין חיים,סוטין חיים,0,99999,קריית שפרינצק,1,points_range,4
סוכות,סוכות,0,99999,רמת התשבי,1,points_range,11
סולד הנריטה,סולד הנריטה,0,99999,כרמל מרכזי- שד' קיש,1,points_range,7
סולד הנרייטה,סולד הנרייטה,0,99999,כרמל מרכזי- שד' קיש,1,points_range,26
סולל,הסולל,0,99999,אזור תעשיה מפרץ,4,points_range_alias,4
סוקולוב,סוקולוב,0,99999,"יל""ג",1,points_range,14
סורוקה,סורוקה,0,99999,רמת בגין,4,legacy_table,0
סורוקה משה,סורוקה משה,0,99999,רמת בגין,1,points_range,46
סז,"ס""ז",0,99999,קריית חיים מערבית,3,segment_majority,1.0
סחלב,הסחלב,0,99999,אחוזה,4,points_range_alias,29
סחרוב אנדרה,סחרוב אנדרה,0,99999,"מת""ם",1,points_range,4
סטלה מאריס,סטלה מאריס,0,99999,כרמל צרפתי,3,segment_majority,0.411
סטלה מריס,סטלה מריס,0,99999,עבאס,1,points_range,24
סטפן וייז,וייז סטפן,0,99999,רמת שאול,1,points_range_wordorder,29
סטרומה,סטרומה,0,99999,קריית שפרינצק,1,points_range,6
סיגליות,סיגליות,0,99999,כבירים,3,segment_majority,1.0
סייפן,סייפן,0,99999,רמת אלמוגי,1,points_range,12
סילבר אבא הלל,סילבר אבא הלל,0,99999,יזרעאליה,1,points_range,72
סיליזיאן,סיליזיאן,0,99999,ואדי ניסנאס,1,points_range,11
סיני,סיני,0,99999,אחוזה,1,points_range,25
סירקין,סירקין,0,99999,שוק תלפיות,1,points_range,32
סיתונית,סיתונית,0,99999,רמת אלמוגי,3,segment_majority,1.0
סכנין אברהם,סכנין אברהם,0,99999,רמת אלון,1,points_range,9
סלומון יעקב,סלומון יעקב,0,99999,"מורדות נו""ש",1,points_range,13
סליזיאן,סליזיאן,0,99999,"עיר תחתית מזרח, ואדי סאליב",4,legacy_table,0
סלמאן,סלמאן,0,99999,"צומת הקריות, חוף שמן",4,legacy_table,0
סלעית,סלעית,0,99999,רמת אלמוגי,1,points_range,10
סמ אל אספהני,סמ' אל אספהני,0,99999,ואדי ניסנאס,3,segment_majority,1.0
סמ אל מורינה,סמ' אל מורינה,0,99999,"שער פלמר, תחנת רכבת השמונה",3,segment_majority,1.0
סמ אני מאמין,סמ' אני מאמין,0,99999,"עיר תחתית מזרח, ואדי סאליב",3,segment_majority,1.0
סמ ביר אל יזק,סמ' ביר אל יזק,0,99999,"קריית הממשלה ע""ש רבין",3,segment_majority,1.0
סמ הכנסיה,סמ' הכנסיה,0,99999,מושבה גרמנית,3,segment_majority,1.0
סמ יהודה,סמ יהודה,0,99999,כרמליה,1,points_range,5
סמ עזה,סמ' עזה,0,99999,"שער פלמר, תחנת רכבת השמונה",3,segment_majority,1.0
סמ צור,סמ' צור,0,99999,ואדי ניסנאס,3,segment_majority,1.0
סמדר,סמדר,0,99999,כבירים,2,points_street,1
סמולנסקין,סמולנסקין,0,99999,אחוזה,1,points_range,29
סנה,הסנה,0,99999,כרמל מערבי,4,points_range_alias,14
סנה משה,סנה משה,0,99999,הוד הכרמל,1,points_range,34
סנונית,הסנונית,0,99999,קריית חיים מזרחית,6,segment_majority_alias,1.0
סנט לוקס,סנט לוקס,0,99999,ואדי ניסנאס,1,points_range,3
סנש חנה,סנש חנה,0,7,הדר עליון,1,points_range,6
סנש חנה,סנש חנה,8,22,רמת הדר,1,points_range,11
סנש חנה,סנש חנה,23,99999,המיימוני,1,points_range,12
סעדיה גאון,סעדיה גאון,0,99999,קריית שפרינצק,1,points_range,24
סעדיה פז,פז סעדיה,0,99999,שער העלייה,1,points_range_wordorder,36
ספורט,הספורט,0,99999,מרכז הכרמל,4,points_range_alias,18
ספורטאי,"כיכר זוהר, אורי (הספורטאי)",0,99999,רוממה,6,segment_majority_alias,1.0
ספיר,ספיר,0,99999,אזור תעשיה מפרץ,4,legacy_table,0
ספרון,ספרון,0,99999,כבירים,1,points_range,4
סראיה,הסראיה,0,99999,"קריית הממשלה ע""ש רבין",6,segment_majority_alias,1.0
סרברוב הינריך,"כיכר סרברוב, הינריך",0,99999,רוממה,3,segment_majority,1.0
סתוונית,סתוונית,0,99999,רמת אלמוגי,1,points_range,11
עבאס,עבאס,0,99999,עבאס,1,points_range,75
עבודה,העבודה,0,99999,אזור תעשיה מפרץ,4,points_range_alias,1
עגלון,עגלון,0,99999,"עיר תחתית מזרח, ואדי סאליב",1,points_range,1
עגנון שי,"עגנון ש""י",0,99999,קריית אליעזר,1,points_range,31
עדה,עדה,0,99999,קריית אליעזר,1,points_range,2
עדולם,עדולם,0,99999,כרמל צרפתי,3,segment_majority,1.0
עובדיה,עובדיה,0,99999,רמת התשבי,1,points_range,32
עוגן,העוגן,0,99999,עין הים,4,points_range_alias,37
עודה נדה,עודה נדה,0,99999,כבאביר,1,points_range,6
עוזי חיטמן,עוזי חיטמן,0,99999,גבעת זמר,3,segment_majority,1.0
עוזיהו המלך,עוזיהו המלך,0,99999,נוה דוד,1,points_range,12
עולים,נתיב העולים,0,99999,קריית שמואל,6,segment_majority_alias,0.994
עומר אל כיאם,עומר אל כיאם,0,99999,הדר מרכז,1,points_range,6
עומר אל כתאב,עומר אל כתאב,0,99999,"עיר תחתית מזרח, ואדי סאליב",1,points_range,1
עומר בן אל חטאב,עומר בן אל ח'טאב,0,99999,"עיר תחתית מזרח, ואדי סאליב",3,segment_majority,1.0
עוספיה,עוספיה,0,99999,חליסה,1,points_range,6
עופרה חזה,עופרה חזה,0,99999,גבעת זמר,4,legacy_table,0
עופרים,עופרים,0,99999,כרמל מערבי,3,segment_majority,1.0
עזה,עזה,0,99999,"שער פלמר, תחנת רכבת השמונה",1,points_range,2
עזר וייצמן,עזר וייצמן,0,99999,"מרכז הקונגרסים, נאות פרס, יצחק נבון",3,segment_majority,1.0
עזר ויצמן,עזר ויצמן,0,99999,נאות פרס,4,legacy_table,0
עזרא,עזרא,0,99999,נוה שאנן,2,points_street,1
עין גדי,עין גדי,0,99999,רמת התשבי,1,points_range,8
עין דור,עין דור,0,99999,"שער פלמר, תחנת רכבת השמונה",1,points_range,10
עין קדם,מעלה עין קדם,0,99999,הוד הכרמל,3,segment_majority,1.0
עירם צילה,עירם צילה,0,99999,חליסה,3,segment_majority,1.0
עליה השניה,העליה השניה,0,99999,בת גלים,4,points_range_alias,43
עליית הנוער,עליית הנוער,0,99999,בת גלים,3,segment_majority,1.0
עמוס,עמוס,0,99999,הדר מרכז,1,points_range,2
עמיקם ישראל,עמיקם ישראל,0,99999,כבירים,1,points_range,9
עמירם חרלף,עמירם חרלף,0,99999,אחוזה,3,segment_majority,0.999
עמל,עמל,0,99999,קריית אליעזר,1,points_range,12
עמלים,העמלים,0,99999,אזור תעשיה מפרץ,4,points_range_alias,24
עמנואל,עמנואל,0,99999,המיימוני,3,segment_majority,1.0
עמנואל פורטונה,עמנואל פורטונה,0,99999,אזור תעשיה מפרץ,3,segment_majority,1.0
עמק,העמק,0,99999,הדר עליון,4,points_range_alias,7
עמק הזיתים,עמק הזיתים,0,99999,הרצליה,1,points_range,13
עמקים,דרך העמקים,0,99999,"צומת הקריות, חוף שמן",6,segment_majority_alias,0.589
ענבר,ענבר,0,99999,"צומת הקריות, חוף שמן",3,segment_majority,1.0
ענתות,ענתות,0,99999,כרמל צרפתי,1,points_range,8
עספור,עספור,0,99999,ואדי ניסנאס,1,points_range,17
עפרה חזה,עפרה חזה,0,99999,גבעת זמר,3,segment_majority,1.0
עפרון,עפרון,0,99999,בת גלים,3,segment_majority,0.999
עפרון דר,"עפרון ד""ר",0,99999,בת גלים,1,points_range,12
עציוני משה,"כיכר עציוני, משה",0,99999,רמת התשבי,3,segment_majority,1.0
עצמאות,העצמאות,0,134,"שער פלמר, תחנת רכבת השמונה",4,points_range_alias,64
עצמאות,העצמאות,135,99999,מושבה גרמנית,4,points_range_alias,9
עצמאות,העצמאות,0,99999,"שער פלמר, תחנת רכבת השמונה",5,points_street_alias,80
עצמון,עצמון,0,99999,הדר עליון,2,points_street,1
עצפור,עצפור,0,99999,ואדי ניסנאס,3,segment_majority,1.0
עקרון,עקרון,0,99999,שוק תלפיות,1,points_range,14
ערבה,הערבה,0,99999,קריית שמואל,4,points_range_alias,8
ערד,ערד,0,99999,נוה יוסף,1,points_range,16
עשת אביגדור,עשת אביגדור,0,99999,קריית חיים מערבית,1,points_range,75
עתיד,העתיד,0,99999,"צומת הקריות, חוף שמן",5,points_street_alias,1
עתלית,עתלית,0,99999,הדר מרכז,1,points_range,1
פאפא,כיכר פאפא,0,99999,עין הים,3,segment_majority,1.0
פאר,פאר,0,99999,תל עמל,1,points_range,61
פבזנר,פבזנר,0,99999,הדר מרכז,1,points_range,47
פדרמן יקותיאל,"כיכר פדרמן, יקותיאל",0,99999,רמת שאול,3,segment_majority,0.749
פולד ברכה,פולד ברכה,0,99999,קריית חיים מזרחית,1,points_range,10
פוסקים,הפוסקים,0,99999,קריית שמואל,4,points_range_alias,14
פועה,פועה,0,99999,עבאס,1,points_range,13
פועל,הפועל,0,99999,הדר עליון,4,points_range_alias,14
פורטונה עמנואל,עמנואל פורטונה,0,99999,אזור תעשיה מפרץ,3,segment_majority_wordorder,1.0
פז,"פ""ז",0,99999,קריית חיים מזרחית,3,segment_majority,1.0
פז סעדיה,פז סעדיה,0,99999,שער העלייה,1,points_range,36
פטל,פטל,0,99999,רוממה,1,points_range,2
פטריה,פטריה,0,99999,"שער פלמר, תחנת רכבת השמונה",1,points_range,4
פיארברג,פיארברג,0,99999,זיו,1,points_range,4
פייגין,פייגין,0,99999,מרכז הכרמל,3,segment_majority,1.0
פייגין צבי,פייגין צבי,0,99999,מרכז הכרמל,1,points_range,5
פייזר דר,"פייזר ד""ר",0,99999,יזרעאליה,1,points_range,5
פייצל,פייצל,0,99999,"עיר תחתית מזרח, ואדי סאליב",1,points_range,2
פייר קניג,פייר קניג,0,99999,קריית שפרינצק,3,segment_majority,0.751
פיכמן,פיכמן,0,99999,רמות רמז,3,segment_majority,1.0
פיכמן יעקב,פיכמן יעקב,0,99999,רמות רמז,1,points_range,8
פינלנד,פינלנד,0,99999,הוד הכרמל,1,points_range,26
פינסקי דוד,פינסקי דוד,0,99999,כבירים,1,points_range,37
פינסקר,פינסקר,0,29,נוה שאנן,1,points_range,16
פינסקר,פינסקר,30,99999,זיו,1,points_range,46
פינסקר,פינסקר,0,99999,זיו,2,points_street,47
פינת בן יהודה,פינת בן יהודה,0,99999,הדר מרכז,4,legacy_table,0
פינת בן שמן,פינת בן שמן,0,99999,הרצליה,3,segment_majority,1.0
פינת גן,פינת גן,0,99999,בת גלים,1,points_range,4
פינת הרצל,פינת הרצל,0,99999,"יל""ג",4,legacy_table,0
פינת שפירא,פינת שפירא,0,99999,הדר מרכז,4,legacy_table,0
פיקא,"פיק""א",0,99999,אחוזה,1,points_range,17
פיקדון,פיקדון,0,99999,"שער פלמר, תחנת רכבת השמונה",3,segment_majority,1.0
פישמן,פישמן,0,99999,קריית חיים מזרחית,3,segment_majority,1.0
פישמן עדה,פישמן עדה (מיימון),0,99999,קריית חיים מזרחית,4,legacy_table,0
פלג פרנק,פלג פרנק,0,99999,הוד הכרמל,1,points_range,27
פלוגות,הפלוגות,0,99999,קריית חיים מזרחית,4,points_range_alias,63
פלים,"פלי""ם",0,99999,"קריית הממשלה ע""ש רבין",1,points_range,12
פלימן משה,פלימן משה,0,99999,"מרכז הקונגרסים, נאות פרס, יצחק נבון",1,points_range,3
פליק,סמטת פליק,0,99999,"שער פלמר, תחנת רכבת השמונה",3,segment_majority,1.0
פלמח,"פלמ""ח",0,99999,רוממה,1,points_range,49
פלס,הפלס,0,99999,אזור תעשיה מפרץ,4,points_range_alias,7
פנורמה,טיילת פנורמה,0,99999,מרכז הכרמל,3,segment_majority,0.932
פנחס ואברהם רוטנברג,פנחס ואברהם רוטנברג,0,99999,"מרכז הקונגרסים, נאות פרס, יצחק נבון",3,segment_majority,0.993
פנחס לבון,לבון פנחס,0,99999,הוד הכרמל,1,points_range_wordorder,6
פנחס ראם,פנחס ראם,0,99999,רמות רמז,3,segment_majority,0.992
פנחס רוזן,רוזן פנחס,0,99999,רמת גולדה,1,points_range_wordorder,9
פנינה,נתיב פנינה,0,99999,רמות רמז,3,segment_majority,1.0
פנת גן,פנת גן,0,99999,בת גלים,1,points_range,4
פנת הרצל,פנת הרצל,0,99999,"יל""ג",1,points_range,5
פנת שפירא,פנת שפירא,0,99999,שוק תלפיות,1,points_range,2
פסטר לואי,פסטר לואי,0,99999,רמת שאול,1,points_range,14
פקדון,פקדון,0,99999,"שער פלמר, תחנת רכבת השמונה",1,points_range,2
פקיעין,מדרגות פקיעין,0,99999,הדר עליון,3,segment_majority,1.0
פרוג,פרוג,0,99999,זיו,1,points_range,10
פרויד,פרויד,0,6,אחוזה,1,points_range,3
פרויד,פרויד,7,99999,רמת אשכול,1,points_range,34
פרויד,פרויד,0,99999,רמת אשכול,2,points_street,29
פרומר דב,פרומר דב,0,99999,קריית שמואל,1,points_range,18
פרחים,הפרחים,0,99999,רמת בן גוריון,4,points_range_alias,6
פרטיזנים,הפרטיזנים,0,99999,קריית אליעזר,4,points_range_alias,17
פרידמן,פרידמן,0,99999,הדר עליון,3,segment_majority,1.0
פרימו לוי,כיכר פרימו לוי,0,99999,רמת שאול,3,segment_majority,1.0
פרישמן,פרישמן,0,99999,הדר מרכז,1,points_range,2
פרנץ לוי,פרנץ לוי,0,99999,אזור תעשיה מפרץ,1,points_range,6
פרנק פלג,פלג פרנק,0,99999,הוד הכרמל,1,points_range_wordorder,27
פרסים,הפרסים,0,17,ואדי ניסנאס,4,points_range_alias,11
פרסים,הפרסים,18,99999,עבאס,4,points_range_alias,5
פרסים,הפרסים,0,99999,ואדי ניסנאס,5,points_street_alias,12
פרץ אטקס,פרץ אטקס,0,99999,"מרכז הקונגרסים, נאות פרס, יצחק נבון",3,segment_majority,0.982
פרץ ברנשטיין,ברנשטיין פרץ,0,99999,רמת אשכול,1,points_range_wordorder,18
פרץ חיות,חיות פרץ,0,99999,רמת שאול,1,points_range_wordorder,1
פרץ י ל,פרץ י ל,0,99999,ואדי ניסנאס,4,legacy_table,0
פרץ לוי,פרץ לוי,0,99999,אזור תעשיה מפרץ,3,segment_majority,1.0
פרץ מרקיש,פרץ מרקיש,0,99999,יזרעאליה,1,points_range,9
פשוש,הפשוש,0,99999,רמת חן,6,segment_majority_alias,1.0
פת יעקב,פת יעקב,0,99999,חליסה,3,segment_majority,1.0
צבי,הצבי,0,99999,כבירים,4,points_range_alias,36
צבי בן יעקב,בן יעקב צבי,0,99999,רמת בגין,1,points_range_wordorder,9
צבי הרמן,צבי הרמן,0,99999,אזור תעשיה מפרץ,3,segment_majority,1.0
צביה ויצחק,צביה ויצחק,0,99999,בתי עלמין,1,points_range,2
צבעוני,צבעוני,0,99999,ורדיה,1,points_range,18
צבר,צבר,0,99999,רמת בן גוריון,1,points_range,5
צדף,הצדף,0,99999,נוה דוד,5,points_street_alias,1
צדקיהו,צדקיהו,0,99999,כרמליה,1,points_range,20
צהיון,צהיון,0,99999,ואדי ניסנאס,1,points_range,13
צהל,"צה""ל",0,99999,קריית אליעזר,1,points_range,24
צוללת דקר,הצוללת דקר,0,99999,רמת בן גוריון,4,points_range_alias,16
צומת קרית אתא/מחלף מוטה גור,צומת קרית אתא/מחלף מוטה גור,0,99999,אזור תעשיה מפרץ,3,segment_majority,1.0
צופים,הצופים,0,99999,כבירים,4,points_range_alias,5
צופית,צופית,0,99999,רמת חן,1,points_range,16
צור,צור,0,99999,ואדי ניסנאס,1,points_range,4
צידון,צידון,0,99999,הדר מרכז,1,points_range,5
ציון,ציון,0,99999,נוה שאנן,1,points_range,20
ציונות,הציונות,0,35,ואדי ניסנאס,4,points_range_alias,28
ציונות,הציונות,36,96,עבאס,4,points_range_alias,31
ציונות,הציונות,97,99999,כרמל צרפתי,4,points_range_alias,25
ציונות,הציונות,0,99999,עבאס,5,points_street_alias,40
ציזלינג,ציזלינג,0,99999,קריית חיים מזרחית,3,segment_majority,1.0
ציזלינג אהרון,ציזלינג אהרון,0,99999,קריית חיים מזרחית,1,points_range,45
צייזל ירוחם,"צייזל, ירוחם",0,99999,"עיר תחתית מזרח, ואדי סאליב",3,segment_majority,0.851
צייטלין אהרון,צייטלין אהרון,0,99999,קריית חיים מזרחית,1,points_range,32
צים,כיכר צים,0,99999,בת גלים,3,segment_majority,0.868
ציפורי,ציפורי,0,99999,הדר מרכז,4,legacy_table,0
ציפר,ציפר,0,99999,קריית חיים מזרחית,1,points_range,31
ציקלג,ציקלג,0,99999,נוה דוד,1,points_range,3
צלבנים,הצלבנים,0,99999,כרמל צרפתי,4,points_range_alias,28
צלמונה,צלמונה,0,99999,"צומת הקריות, חוף שמן",4,legacy_table,0
צלפים,הצלפים,0,99999,רוממה,4,points_range_alias,23
צנחנים,סמטת הצנחנים,0,99999,בת גלים,6,segment_majority_alias,1.0
צפורה זייד,צפורה זייד,0,99999,הדר עליון,1,points_range,7
צפירה,הצפירה,0,99999,זיו,4,points_range_alias,8
צפרירים,צפרירים,0,99999,כרמליה,1,points_range,27
צפת,צפת,0,99999,מסדה,1,points_range,1
צרניאבסקי,צ'רניאבסקי,0,99999,יזרעאליה,3,segment_majority,1.0
צרניאבסקי אהרון,צ'רניאבסקי אהרון,0,99999,יזרעאליה,1,points_range,11
צרפת,צרפת,0,99999,קריית שפרינצק,1,points_range,62
קאודרס,קאודרס,0,99999,רמת שאול,3,segment_majority,1.0
קאודרס בן ציון דר,"קאודרס בן ציון ד""ר",0,99999,רמת שאול,1,points_range,14
קבוץ גלויות,קבוץ גלויות,0,4,"קריית הממשלה ע""ש רבין",1,points_range,4
קבוץ גלויות,קבוץ גלויות,5,99999,"עיר תחתית מזרח, ואדי סאליב",1,points_range,60
קבוץ גלויות,קבוץ גלויות,0,99999,"עיר תחתית מזרח, ואדי סאליב",2,points_street,70
קבוצים,הקבוצים,0,99999,קריית חיים מזרחית,4,points_range_alias,77
קדושי בגדד,קדושי בגדד,0,99999,"שער פלמר, תחנת רכבת השמונה",2,points_street,1
קדושי דמשק,קדושי דמשק,0,99999,קריית אליעזר,1,points_range,12
קדושי השואה,קדושי השואה,0,99999,קריית שמואל,1,points_range,9
קדושי יאסי,קדושי יאסי,0,99999,"מרכז הקונגרסים, נאות פרס, יצחק נבון",1,points_range,1
קדימה,קדימה,0,99999,כבירים,1,points_range,43
קדיש לוז,קדיש לוז,0,99999,רמת ספיר,1,points_range,10
קדרון,קדרון,0,99999,שמבור,1,points_range,16
קהילת סלוניק,קהילת סלוניק,0,99999,"שער פלמר, תחנת רכבת השמונה",3,segment_majority,1.0
קהילת סלוניקי,קהילת סלוניקי,0,99999,"שער פלמר, תחנת רכבת השמונה",1,points_range,7
קו האופק,קו האופק,0,99999,"מת""ם",3,segment_majority,1.0
קו הדלק הלבן,קו הדלק הלבן,0,99999,רמת בגין,3,segment_majority,0.563
קויפמן יחזקאל פרופ,קויפמן יחזקאל פרופ',0,99999,רמת גולדה,1,points_range,28
קול מבשר,קול מבשר,0,99999,קריית שמואל,1,points_range,5
קומוי נתן,קומוי נתן,0,17,זיו,1,points_range,14
קומוי נתן,קומוי נתן,18,99999,רמות רמז,1,points_range,5
קומוי נתן,קומוי נתן,0,99999,רמות רמז,2,points_street,16
קונגרס,הקונגרס,0,99999,קריית חיים מערבית,4,points_range_alias,75
קוסטה ריקה,קוסטה ריקה,0,99999,הוד הכרמל,1,points_range,10
קורנית,קורנית,0,99999,רמת אלמוגי,3,segment_majority,1.0
קורנס,הקורנס,0,99999,"צומת הקריות, חוף שמן",4,points_range_alias,8
קורצאק יאנוש,קורצ'אק יאנוש,0,99999,אחוזה,1,points_range,11
קושניר יוסף,קושניר יוסף,0,99999,רמת אלון,1,points_range,4
קטר,הקטר,0,99999,"עיר תחתית מזרח, ואדי סאליב",4,points_range_alias,1
קיבוץ גלויות,קיבוץ גלויות,0,99999,"עיר תחתית מזרח, ואדי סאליב",3,segment_majority,0.98
קיבוצים,הקיבוצים,0,99999,קריית חיים מזרחית,6,segment_majority_alias,1.0
קיזרמן נתן,קיזרמן נתן,0,99999,"שער פלמר, תחנת רכבת השמונה",1,points_range,10
קיטור,הקיטור,0,99999,אזור תעשיה מפרץ,4,points_range_alias,17
קיסריה,קיסריה,0,99999,ואדי ניסנאס,1,points_range,28
קיש,קיש,0,99999,כרמל מרכזי- שד' קיש,1,points_range,25
קישון,הקישון,0,16,"יל""ג",4,points_range_alias,15
קישון,הקישון,17,99999,"עיר תחתית מזרח, ואדי סאליב",4,points_range_alias,3
קישון,הקישון,0,99999,"יל""ג",5,points_street_alias,15
קלח,"קל""ח",0,99999,בת גלים,2,points_street,1
קליבנוב,קליבנוב,0,99999,יזרעאליה,1,points_range,26
קלישר,קלישר,0,99999,זיו,3,segment_majority,1.0
קלישר הרב,קלישר הרב,0,99999,זיו,1,points_range,14
קלעים,הקלעים,0,99999,בת גלים,4,points_range_alias,10
קלר,קלר,0,15,מרכז הכרמל,1,points_range,11
קלר,קלר,16,99999,כבירים,1,points_range,3
קלר,קלר,0,99999,כבירים,2,points_street,8
קמיל הויסמנס,הויסמנס קמיל,0,99999,הוד הכרמל,1,points_range_wordorder,36
קנאים,הקנאים,0,99999,הדר עליון,4,points_range_alias,2
קניאל יהושע הרב,קניאל יהושע הרב,0,99999,מעונות גאולה,1,points_range,6
קניג פייר גנרל,קניג פייר גנרל,0,99999,קריית שפרינצק,1,points_range,3
קסאן,קסאן (השופט שלום),0,99999,קריית שפרינצק,3,segment_majority,1.0
קסטרא,קסטרא,0,99999,"מרכז הקונגרסים, נאות פרס, יצחק נבון",3,segment_majority,1.0
קסל,קסל,0,99999,הרצליה,1,points_range,6
קפטן סטיב,קפטן סטיב,0,99999,"שער פלמר, תחנת רכבת השמונה",2,points_street,1
קפלן אלישבע,קפלן אלישבע,0,99999,קריית חיים מזרחית,1,points_range,30
קצנשטיין,קצנשטיין,0,99999,אזור תעשיה מפרץ,3,segment_majority,1.0
קצנשטיין אריה,קצנשטיין אריה,0,99999,אזור תעשיה מפרץ,1,points_range,12
קריב אברהם,קריב אברהם,0,99999,רמת בגין,1,points_range,5
קריית ספר,קריית ספר,0,99999,אחוזה,1,points_range,22
קרית אליעזר,טיילת קרית אליעזר,0,99999,קריית אליעזר,3,segment_majority,1.0
קרית הטכניון,קרית הטכניון,0,99999,קריית הטכניון,4,legacy_table,0
קרית ספר,קרית ספר,0,99999,אחוזה,1,points_range,18
קרל נטר,קרל נטר,0,99999,קריית שפרינצק,3,segment_majority,1.0
קרן היסוד,קרן היסוד,0,99999,רוממה,1,points_range,31
קרן קיימת לישראל,קרן קיימת לישראל,0,99999,קריית חיים מזרחית,1,points_range,13
קרפל דר,"קרפל ד""ר",0,99999,קריית חיים מערבית,1,points_range,42
קרפל ליפה,קרפל ליפה,0,99999,קריית חיים מערבית,3,segment_majority,1.0
קשטן מיכאל,קשטן מיכאל,0,99999,סביוני הכרמל,1,points_range,3
קשת,הקשת,0,99999,כבירים,4,points_range_alias,8
ר חיים יוסף,"(החיד""א) ר' חיים יוסף",0,99999,קריית שמואל,4,legacy_table,0
ראה,"הרא""ה",0,99999,קריית שמואל,4,points_range_alias,23
ראהבת,ראהבת,0,99999,ואדי ניסנאס,1,points_range,3
ראובן בוניאק,ראובן בוניאק,0,99999,מסדה,3,segment_majority,0.998
ראול ולנברג,ולנברג ראול,0,99999,רמת אשכול,1,points_range_wordorder,33
ראל,הראל,0,99999,רוממה,4,points_range_alias,17
ראם פנחס,פנחס ראם,0,99999,רמות רמז,3,segment_majority_wordorder,0.992
ראסל ברי,טיילת ראסל ברי,0,99999,קריית הטכניון,3,segment_majority,1.0
ראש מיה,ראש מיה,0,99999,רוממה,3,segment_majority,0.537
ראש פינה,ראש פינה,0,99999,"יל""ג",1,points_range,5
ראשונים,הראשונים,0,99999,קריית חיים מזרחית,4,points_range_alias,103
רב אוחנה,הרב אוחנה,0,99999,"עיר תחתית מזרח, ואדי סאליב",6,segment_majority_alias,0.584
רב אלוף דוד אלעזר,רב אלוף דוד אלעזר,0,99999,חוף הכרמל,4,legacy_table,0
רב אלוף יעקב דורי,רב אלוף יעקב דורי,0,99999,נוה שאנן,3,segment_majority,0.397
רב אסף,הרב אסף,0,99999,רמת בגין,6,segment_majority_alias,1.0
רב אריה לוין,הרב אריה לוין,0,99999,קריית שמואל,6,segment_majority_alias,1.0
רב הרצוג,הרב הרצוג,0,99999,"יל""ג",4,points_range_alias,12
רב יוסף משאש,הרב משאש יוסף,0,99999,נוה יוסף,6,segment_majority_alias_wordorder,1.0
רב יוסף משאש,הרב יוסף משאש,0,99999,נוה יוסף,6,segment_majority_alias_wordorder,1.0
רב מיימון,הרב מיימון,0,99999,נוה שאנן,6,segment_majority_alias,1.0
רב מרכוס,הרב מרכוס,0,99999,שוק תלפיות,6,segment_majority_alias,0.656
רב משאש יוסף,הרב משאש יוסף,0,99999,נוה יוסף,6,segment_majority_alias,1.0
רב ניסים,הרב ניסים,0,99999,קריית שמואל,6,segment_majority_alias,1.0
רב ניסים אוחנה,הרב ניסים אוחנה,0,99999,שוק תלפיות,6,segment_majority_alias,0.548
רב קוק,הרב קוק,0,99999,קריית חיים מזרחית,6,segment_majority_alias,1.0
רב קלישר,הרב קלישר,0,99999,זיו,6,segment_majority_alias,0.977
רב קניאל,הרב קניאל,0,99999,רמת הדר,6,segment_majority_alias,0.551
רב רפאל אנקואה,הרב רפאל אנקואה,0,99999,שער העלייה,6,segment_majority_alias,0.717
רב שלמה גורן,הרב שלמה גורן,0,99999,קריית שמואל,6,segment_majority_alias,1.0
רבוה,רבוה,0,99999,כבאביר,3,segment_majority,1.0
רבי יהודה הנשיא,רבי יהודה הנשיא,0,99999,נוה דוד,1,points_range,4
רבי יוחנן הסנדלר,רבי יוחנן הסנדלר,0,99999,מכון טיהור,1,points_range,7
רבי עקיבא,רבי עקיבא,0,99999,המיימוני,1,points_range,37
רבי שלום שרעבי,שרעבי שלום רבי,0,99999,נוה פז,1,points_range_wordorder,1
רבין אסתר דר,"רבין אסתר ד""ר",0,99999,הוד הכרמל,1,points_range,60
רביצקי אימרה,"רביצקי, אימרה",0,99999,אחוזה,3,segment_majority,1.0
רבנו תם,רבנו תם,0,99999,רמת שאול,1,points_range,3
רבנית חיה מושקא,הרבנית חיה מושקא,0,99999,קריית שמואל,6,segment_majority_alias,1.0
רדוף,הרדוף,0,99999,כרמל מערבי,4,points_range_alias,13
רדק,"רד""ק",0,99999,מושבה גרמנית,1,points_range,12
רואה,"שדרות הרוא""ה",0,99999,קריית שמואל,6,segment_majority_alias,1.0
רובי שפירא,רובי שפירא,0,99999,"מרכז הקונגרסים, נאות פרס, יצחק נבון",3,segment_majority,1.0
רובין,רובין,0,99999,"שער פלמר, תחנת רכבת השמונה",1,points_range,1
רובינא חנה,רובינא חנה,0,99999,רמת גולדה,1,points_range,7
רובינשטיין יצחק הרב,רובינשטיין יצחק הרב,0,99999,הוד הכרמל,1,points_range,28
רוברט סולד,שדרות רוברט סולד,0,99999,קריית שמואל,3,segment_majority,0.777
רודיק שמעון,רודיק שמעון,0,99999,"עיר תחתית מזרח, ואדי סאליב",4,legacy_table,0
רודן,רודן,0,99999,קריית שפרינצק,1,points_range,10
רודנר עקיבא,"רודנר, עקיבא (הרב)",0,99999,קריית אליהו,3,segment_majority,1.0
רודנר עקיבא הרב,רודנר עקיבא הרב,0,99999,קריית אליהו,4,legacy_table,0
רוזוב,רוזוב,0,99999,"צומת הקריות, חוף שמן",3,segment_majority,1.0
רוזוב שמואל,רוזוב שמואל,0,99999,"צומת הקריות, חוף שמן",1,points_range,3
רוזן פנחס,רוזן פנחס,0,99999,רמת גולדה,1,points_range,9
רוטנברג פנחס ואברהם,פנחס ואברהם רוטנברג,0,99999,"מרכז הקונגרסים, נאות פרס, יצחק נבון",3,segment_majority_wordorder,0.993
רוטשילד,רוטשילד,0,32,קריית אליעזר,1,points_range,19
רוטשילד,רוטשילד,33,99999,קריית אליהו,1,points_range,18
רוטשילד,רוטשילד,0,99999,קריית אליהו,2,points_street,36
רופא,הרופא,0,99999,אחוזה,4,points_range_alias,34
רופין,רופין,0,99999,רמת ויז'ניץ,1,points_range,1
רות,רות,0,99999,כרמליה,1,points_range,42
רות הכהן,רות הכהן,0,99999,זיו,1,points_range,11
רותם,הרותם,0,99999,שער העלייה,4,points_range_alias,25
רזיאל דוד,רזיאל דוד,0,22,חליסה,1,points_range,15
רזיאל דוד,רזיאל דוד,23,99999,תל עמל,1,points_range,46
רחבת בן-ארצי,רחבת בן-ארצי,0,99999,זיו,3,segment_majority,1.0
רחבת כושר,רחבת כושר,0,99999,יזרעאליה,3,segment_majority,1.0
רחל,רחל,0,3,שמבור,1,points_range,3
רחל,רחל,4,99999,כרמליה,1,points_range,39
רחל,רחל,0,99999,כרמליה,2,points_street,41
רחל קגן,רחל קגן,0,99999,רמת גולדה,3,segment_majority,1.0
רחף,רחף,0,99999,בת גלים,1,points_range,11
רטנר יוחנן פרופ,רטנר יוחנן פרופ',0,99999,יזרעאליה,1,points_range,7
ריינס,ריינס,0,99999,קריית שמואל,3,segment_majority,1.0
ריינס הרב,ריינס הרב,0,99999,קריית שמואל,1,points_range,15
רימונים,רימונים,0,99999,כבירים,1,points_range,1
רינה,"רינ""ה",0,99999,קריית אליהו,1,points_range,3
ריף,"הרי""ף",0,99999,קריית שמואל,4,points_range_alias,5
רכבת,סמטת הרכבת,0,99999,"עיר תחתית מזרח, ואדי סאליב",6,segment_majority_alias,1.0
רמבן,"רמב""ן",0,14,הדר עליון,1,points_range,12
רמבן,"רמב""ן",15,99999,המיימוני,1,points_range,4
רמבן,"רמב""ן",0,99999,הדר עליון,2,points_street,11
רמן צבי,הרמן צבי,0,99999,אזור תעשיה מפרץ,7,legacy_table_alias,0
רנק,"רנ""ק",0,99999,אחוזה,1,points_range,5
רענן,רענן,0,32,כבירים,1,points_range,27
רענן,רענן,33,99999,כבאביר,1,points_range,5
רענן,רענן,0,99999,כבירים,2,points_street,27
רץ היינריך,הרץ היינריך,0,99999,"צומת הקריות, חוף שמן",4,points_range_alias,1
רץ הינריך,הרץ הינריך,0,99999,"צומת הקריות, חוף שמן",4,points_range_alias,5
רצוג,הרצוג,0,99999,"יל""ג",6,segment_majority_alias,1.0
רצוג הרב,הרצוג הרב,0,99999,"יל""ג",6,segment_majority_alias,1.0
רציף אהרון רוזנפלד,רציף אהרון רוזנפלד,0,99999,בת גלים,1,points_range,6
רציף פנחס מרגולין,רציף פנחס מרגולין,0,99999,בת גלים,1,points_range,7
רצל,הרצל,0,25,הדר מרכז,4,points_range_alias,22
רצל,הרצל,26,67,שוק תלפיות,4,points_range_alias,33
רצל,הרצל,68,99999,"יל""ג",4,points_range_alias,32
רצל,הרצל,0,99999,"יל""ג",5,points_street_alias,37
רצל גרינשפון,הרצל גרינשפון,0,99999,אזור תעשיה מפרץ,6,segment_majority_alias,1.0
רצליה,הרצליה,0,99999,הרצליה,4,points_range_alias,33
רקפות,הרקפות,0,99999,כרמל מערבי,4,points_range_alias,15
רשי,"רש""י",0,99999,הדר עליון,1,points_range,18
רשפון,רשפון,0,99999,ואדי ניסנאס,1,points_range,1
ש בן ציון,ש. בן ציון,0,99999,זיו,3,segment_majority,1.0
שאגאל מארק,שאגאל מארק,0,99999,רמת אשכול,1,points_range,16
שאגאל מרק,שאגאל מרק,0,99999,רמת אשכול,4,legacy_table,0
שאול,שאול,0,14,נוה שאנן,1,points_range,11
שאול,שאול,15,31,נוה דוד,1,points_range,13
שאול,שאול,32,99999,נוה שאנן,1,points_range,13
שאול,שאול,0,99999,נוה דוד,2,points_street,23
שאול המלך,שאול המלך,0,99999,נוה דוד,1,points_range,15
שאר ישוב,שאר ישוב,0,99999,קריית חיים מערבית,1,points_range,13
שארית הפליטה,שארית הפליטה,0,99999,הוד הכרמל,1,points_range,64
שב בלהה,שב' בלהה,0,99999,קריית אליעזר,3,segment_majority,1.0
שב זילפה,שב' זילפה,0,99999,קריית אליעזר,3,segment_majority,1.0
שב חנא נקארה,שב' חנא נקארה,0,99999,ואדי ניסנאס,3,segment_majority,1.0
שב טולצינסקי ברוך,"שב' טולצ'ינסקי, ברוך",0,99999,כרמליה,3,segment_majority,1.0
שב עדה,שב' עדה,0,99999,קריית אליעזר,3,segment_majority,1.0
שב רבקה,שב' רבקה,0,99999,כרמליה,3,segment_majority,1.0
שבדיה,שבדיה,0,99999,הוד הכרמל,1,points_range,86
שבזי שלום,שבזי שלום,0,99999,נוה פז,1,points_range,8
שבטי ישראל,שבטי ישראל,0,99999,קריית חיים מזרחית,1,points_range,64
שביל בן שבת שמואל,שביל בן שבת שמואל,0,99999,נוה יוסף,3,segment_majority,1.0
שביל גבעת העיזים,שביל גבעת העיזים,0,99999,רמת בגין,3,segment_majority,1.0
שביל האבות,שביל האבות,0,99999,קריית שמואל,3,segment_majority,1.0
שביל האמהות,שביל האמהות,0,99999,קריית שמואל,3,segment_majority,1.0
שביל הגאונים,שביל הגאונים,0,99999,קריית שמואל,3,segment_majority,1.0
שביל המערות,שביל המערות,0,99999,כבירים,3,segment_majority,1.0
שביל העץ הקסום,שביל העץ הקסום,0,99999,סביוני הכרמל,3,segment_majority,1.0
שביל הערמונים,שביל הערמונים,0,99999,ורדיה,3,segment_majority,1.0
שביל הפוסקים,שביל הפוסקים,0,99999,קריית שמואל,3,segment_majority,1.0
שביל הפסגה,שביל הפסגה,0,99999,רמת בגין,3,segment_majority,1.0
שביל לנדאו מיכאל,"שביל לנדאו, מיכאל (ד""ר)",0,99999,נוה שאנן,3,segment_majority,1.0
שביל מעלות ישכיל,שביל מעלות ישכיל,0,99999,זיו,3,segment_majority,1.0
שביל משה כצמן,שביל משה כצמן,0,99999,נוה יוסף,3,segment_majority,1.0
שביל נחל קטיע,שביל נחל קטיע,0,99999,אוניברסיטת חיפה,3,segment_majority,1.0
שביל עין משוטטים,שביל עין משוטטים,0,99999,כרמליה,3,segment_majority,1.0
שביל קיסרי אורי,"שביל קיסרי, אורי",0,99999,נוה שאנן,3,segment_majority,1.0
שביל רמת אלון,שביל רמת אלון,0,99999,רמת אלון,3,segment_majority,0.8
שבעת המינים,שבעת המינים,0,99999,קריית שמואל,1,points_range,7
שבתאי לוי,שבתאי לוי,0,99999,הרצליה,1,points_range,20
שדה בוקר,שדה בוקר,0,99999,קריית חיים מערבית,1,points_range,51
שדה יצחק,שדה יצחק,0,42,קריית אליהו,1,points_range,32
שדה יצחק,שדה יצחק,43,99999,מושבה גרמנית,1,points_range,5
שדר,"שד""ר",0,99999,קריית שמואל,1,points_range,6
שדרת יסמין,שדרת יסמין,0,99999,נוה פז,3,segment_majority,1.0
שוהם,שוהם,0,99999,"נעמ""ת",1,points_range,34
שוהם זאב,"שוהם, זאב",0,99999,"נעמ""ת",3,segment_majority,1.0
שוודיה,שוודיה,0,99999,הוד הכרמל,3,segment_majority,1.0
שוויצר אלברט דר,"שוויצר אלברט ד""ר",0,99999,רמת אשכול,1,points_range,62
שומאכר גוטליב,שומאכר גוטליב,0,99999,מושבה גרמנית,1,points_range,6
שומר,השומר,0,99999,"יל""ג",4,points_range_alias,31
שומרון,שומרון,0,99999,רמת התשבי,1,points_range,10
שונית,שונית,0,99999,"רמת חביב (ר. הנשיא), רח' שונית",1,points_range,5
שונמית,שונמית,0,99999,רמת התשבי,1,points_range,21
שופט יעקב אזולאי,השופט יעקב אזולאי,0,99999,רמת אלון,7,legacy_table_alias,0
שופט שלום,קסאן (השופט שלום),0,99999,קריית שפרינצק,6,segment_majority_alias,1.0
שופט שלום קסאן,השופט שלום קסאן,0,99999,קריית שפרינצק,7,legacy_table_alias,0
שופמן,שופמן,0,99999,הוד הכרמל,3,segment_majority,1.0
שופמן גרשון,שופמן גרשון,0,99999,הוד הכרמל,1,points_range,38
שוקרי,שוקרי,0,99999,"עיר תחתית מזרח, ואדי סאליב",1,points_range,2
שושנה דמארי,שושנה דמארי,0,99999,גבעת זמר,3,segment_majority,1.0
שושנה דמרי,שושנה דמרי,0,99999,גבעת זמר,4,legacy_table,0
שושנת הכרמל,שושנת הכרמל,0,99999,כרמל מערבי,1,points_range,87
שזר זלמן,"שז""ר זלמן",0,99999,רמת בן גוריון,1,points_range,25
שחאדה כמיל,"שחאדה, כמיל",0,99999,"קריית הממשלה ע""ש רבין",3,segment_majority,1.0
שחאדה שלח,שחאדה שלח,0,99999,ואדי ניסנאס,1,points_range,6
שחם,שחם,0,99999,רמת אלמוגי,1,points_range,8
שחף,השחף,0,99999,בת גלים,4,points_range_alias,5
שחר,השחר,0,99999,הדר עליון,4,points_range_alias,3
שחרור,השחרור,0,99999,"עיר תחתית מזרח, ואדי סאליב",4,points_range_alias,12
שטיין ליאון,שטיין ליאון,0,99999,מכון טיהור,1,points_range,4
שטרית,שטרית,0,99999,קריית חיים מזרחית,3,segment_majority,1.0
שטרן יאיר,שטרן יאיר,0,99999,עין הים,1,points_range,22
שטרן יוסף,שטרן יוסף,0,99999,קריית שמואל,1,points_range,12
שי עגנון,"עגנון ש""י",0,99999,קריית אליעזר,1,points_range_wordorder,31
שיבת ציון,שיבת ציון,0,21,"שער פלמר, תחנת רכבת השמונה",1,points_range,16
שיבת ציון,שיבת ציון,22,99999,"קריית הממשלה ע""ש רבין",1,points_range,30
שיבת ציון,שיבת ציון,0,99999,"קריית הממשלה ע""ש רבין",2,points_street,20
שיטרית בכור,שיטרית בכור,0,99999,קריית חיים מזרחית,1,points_range,28
שיירה,השיירה,0,99999,קריית חיים מזרחית,4,points_range_alias,46
שילוח,השילוח,0,99999,גאולה,6,segment_majority_alias,1.0
שימקין דר,"שימקין ד""ר",0,99999,רמת בגין,1,points_range,30
שינדלר אוסקר,שינדלר אוסקר,0,99999,סביוני הכרמל,1,points_range,4
שיקגו,שד שיקגו,0,99999,קריית הטכניון,2,points_street,1
שיש,השיש,0,99999,אזור תעשיה מפרץ,4,points_range_alias,48
שכטר יוסף דר,"שכטר יוסף ד""ר",0,99999,אחוזה,1,points_range,3
של יהושע פרופ,השל יהושע פרופ',0,99999,יזרעאליה,4,points_range_alias,11
של פרופ יהושע,השל יהושע פרופ',0,99999,יזרעאליה,4,points_range_alias_wordorder,11
שלג,"של""ג",0,99999,זיו,1,points_range,6
שלהוב גמיל,שלהוב ג'מיל,0,99999,עבאס,1,points_range,4
שלהוף גמיל,שלהוף ג'מיל,0,99999,הדר מרכז,4,legacy_table,0
שלוח,השלוח,0,99999,גאולה,4,points_range_alias,15
שלום,השלום,0,8,הרצליה,4,points_range_alias,8
שלום,השלום,9,99999,מסדה,4,points_range_alias,9
שלום,השלום,0,99999,מסדה,5,points_street_alias,10
שלום עליכם,שלום עליכם,0,99999,זיו,1,points_range,5
שלום שבזי,שבזי שלום,0,99999,נוה פז,1,points_range_wordorder,8
שלומציון המלכה,שלומציון המלכה,0,99999,כרמליה,1,points_range,26
שלון,שלון,0,99999,רמת אלון,1,points_range,15
שלונסקי,שלונסקי,0,99999,הוד הכרמל,1,points_range,39
שלוסברג,"שלוסברג (ד""ר שמואל)",0,99999,שער העלייה,3,segment_majority,1.0
שלוסברג שמואל דר,"שלוסברג שמואל ד""ר",0,99999,שער העלייה,1,points_range,2
שלח שחאדה,שחאדה שלח,0,99999,ואדי ניסנאס,1,points_range_wordorder,6
שלמה המלך,שלמה המלך,0,99999,נוה דוד,1,points_range,36
שלמה וול,ככר שלמה וול,0,99999,יזרעאליה,3,segment_majority,1.0
שלמה לביא,לביא שלמה,0,99999,קריית חיים מזרחית,1,points_range_wordorder,8
שלמה מיכואלס,שלמה מיכואלס,0,99999,קריית חיים מערבית,3,segment_majority,1.0
שמאי,שמאי,0,99999,הדר עליון,1,points_range,2
שמואל,שמואל,0,9,מסדה,1,points_range,9
שמואל,שמואל,10,99999,הדר עליון,1,points_range,8
שמואל,שמואל,0,99999,הדר עליון,2,points_street,9
שמואל ארד,שמואל ארד,0,99999,בתי עלמין,3,segment_majority,0.971
שמואל בן עדיה,בן עדיה שמואל,0,99999,"עיר תחתית מזרח, ואדי סאליב",2,points_street_wordorder,1
שמואל בן צור,בן צור שמואל,0,99999,שער העלייה,1,points_range_wordorder,7
שמחה גולן,גולן שמחה,0,9,זיו,1,points_range_wordorder,4
שמחה גולן,גולן שמחה,10,99999,יזרעאליה,1,points_range_wordorder,3
שמחה הולצברג,שמחה הולצברג,0,99999,קריית שפרינצק,3,segment_majority,1.0
שמידט אנטון,"כיכר שמידט, אנטון",0,99999,מושבה גרמנית,3,segment_majority,1.0
שמעוני לייב,שמעוני לייב,0,99999,נוה שאנן,1,points_range,3
שמריהו לוין,שמריהו לוין,0,14,הדר מרכז,1,points_range,9
שמריהו לוין,שמריהו לוין,15,99999,הרצליה,1,points_range,6
שמריהו לוין,שמריהו לוין,0,99999,הדר מרכז,2,points_street,10
שמש,שמש,0,99999,שוק תלפיות,1,points_range,6
שמשון,שמשון,0,25,מרכז הכרמל,1,points_range,25
שמשון,שמשון,26,99999,"נעמ""ת",1,points_range,34
שמשון,שמשון,0,99999,"נעמ""ת",2,points_street,36
שניאור זלמן,שניאור זלמן,0,99999,רמות רמז,1,points_range,41
שניים בנובמבר,שניים בנובמבר,0,99999,כרמל צרפתי,1,points_range,8
שנים בנובמבר,שנים בנובמבר,0,99999,כרמל צרפתי,4,legacy_table,0
שנקר אריה,שנקר אריה,0,99999,אזור תעשיה מפרץ,1,points_range,18
שע קפטן סטיב,שע' קפטן סטיב,0,99999,"שער פלמר, תחנת רכבת השמונה",3,segment_majority,0.999
שער ברוש,שער ברוש,0,99999,בתי עלמין,3,segment_majority,1.0
שער הגיא,שער הגיא,0,99999,אחוזה,1,points_range,23
שער הלבנון,שער הלבנון,0,99999,מרכז הכרמל,1,points_range,5
שער פלמר,שער פלמר,0,99999,"שער פלמר, תחנת רכבת השמונה",1,points_range,2
שפינוזה,שפינוזה,0,99999,הדר עליון,1,points_range,4
שפירא,שפירא,0,99999,שוק תלפיות,1,points_range,15
שפרה,שפרה,0,99999,עבאס,1,points_range,9
שפרעם,שפרעם,0,99999,הרצליה,1,points_range,8
שקד,השקד,0,99999,קריית חיים מזרחית,4,points_range_alias,18
שקמה,שקמה,0,99999,רמת בן גוריון,1,points_range,12
שקמונה,שקמונה,0,99999,בת גלים,1,points_range,4
שרה,שרה,0,99999,"שער פלמר, תחנת רכבת השמונה",1,points_range,9
שרון,השרון,0,99999,בת גלים,4,points_range_alias,39
שרל לוץ,לוץ שרל,0,99999,בת גלים,1,points_range_wordorder,25
שרעבי שלום רבי,שרעבי שלום רבי,0,99999,נוה פז,1,points_range,1
שרת משה,שרת משה,0,99999,קריית חיים מזרחית,1,points_range,70
ששת הימים,ששת הימים,0,99999,קריית חיים מזרחית,1,points_range,58
תאדל,"תאד""ל",0,99999,אחוזה,3,segment_majority,1.0
תאופיק טובי,תאופיק טובי,0,99999,ואדי ניסנאס,3,segment_majority,1.0
תאנה,התאנה,0,99999,קריית חיים מזרחית,4,points_range_alias,7
תאשור,תאשור,0,99999,ורדיה,1,points_range,15
תבואות הארץ,תבואות הארץ,0,99999,אזור תעשיה מפרץ,3,segment_majority,1.0
תבור,תבור,0,99999,רמת ויז'ניץ,1,points_range,2
תדהר,תדהר,0,99999,ורדיה,1,points_range,13
תובל,תובל,0,99999,אזור תעשיה מפרץ,1,points_range,8
תומא אמיל,אמיל תומא,0,99999,ואדי ניסנאס,3,segment_majority_wordorder,1.0
תופיק טובי,תופיק טובי,0,99999,ואדי ניסנאס,4,legacy_table,0
תור,התור,0,99999,כבירים,4,points_range_alias,10
תורה ועבודה,תורה ועבודה,0,99999,קריית שמואל,1,points_range,10
תורן,התורן,0,99999,עין הים,4,points_range_alias,42
תורת חיים,משעול תורת חיים,0,99999,מעונות גאולה,3,segment_majority,0.913
תיכון,התיכון,0,99999,נוה שאנן,4,points_range_alias,77
תיכונים,דרך התיכונים,0,99999,מרכז הכרמל,6,segment_majority_alias,1.0
תל אביב,תל אביב,0,7,מושבה גרמנית,1,points_range,5
תל אביב,תל אביב,8,99999,קריית אליהו,1,points_range,28
תל אביב,תל אביב,0,99999,קריית אליהו,2,points_street,28
תל חי,תל חי,0,99999,הדר מרכז,1,points_range,23
תל מאנה,תל מאנה,0,99999,אחוזה,1,points_range,27
תמר,התמר,0,99999,כרמל מערבי,4,points_range_alias,38
תנאים,התנאים,0,99999,קריית שמואל,4,points_range_alias,16
תענך,תענך,0,99999,נוה יוסף,1,points_range,25
תקוה,התקוה,0,99999,קריית אליהו,4,points_range_alias,6
תקומה,התקומה,0,99999,קריית חיים מערבית,4,points_range_alias,47
תריג,"תרי""ג",0,99999,קריית שמואל,1,points_range,10
תרשיש,תרשיש,0,99999,"צומת הקריות, חוף שמן",2,points_street,1
תשבי,התשבי,0,124,רמת התשבי,4,points_range_alias,105
תשבי,התשבי,125,99999,מרכז הכרמל,4,points_range_alias,3
תשבי,התשבי,0,99999,רמת התשבי,5,points_street_alias,106
תשעה,התשעה,0,99999,נוה יוסף,4,points_range_alias,5
תשעים ושלוש,התשעים ושלוש,0,99999,ואדי ניסנאס,4,points_range_alias,18
תשעים ושלש,התשעים ושלש,0,99999,ואדי ניסנאס,7,legacy_table_alias,0
